-- phpMyAdmin SQL Dump
-- version 5.1.1
-- https://www.phpmyadmin.net/
--
-- Host: 127.0.0.1:3306
-- Waktu pembuatan: 26 Jan 2023 pada 02.56
-- Versi server: 10.5.12-MariaDB-cll-lve
-- Versi PHP: 7.2.34

SET SQL_MODE = "NO_AUTO_VALUE_ON_ZERO";
START TRANSACTION;
SET time_zone = "+00:00";


/*!40101 SET @OLD_CHARACTER_SET_CLIENT=@@CHARACTER_SET_CLIENT */;
/*!40101 SET @OLD_CHARACTER_SET_RESULTS=@@CHARACTER_SET_RESULTS */;
/*!40101 SET @OLD_COLLATION_CONNECTION=@@COLLATION_CONNECTION */;
/*!40101 SET NAMES utf8mb4 */;

--
-- Database: `u942455941_subang`
--

-- --------------------------------------------------------

--
-- Struktur dari tabel `addons`
--

CREATE TABLE `addons` (
  `id` int(11) NOT NULL,
  `name` varchar(255) NOT NULL,
  `unique_identifier` varchar(255) NOT NULL,
  `version` varchar(255) DEFAULT NULL,
  `status` int(11) NOT NULL,
  `created_at` int(11) DEFAULT NULL,
  `updated_at` int(11) DEFAULT NULL,
  `about` longtext DEFAULT NULL,
  `purchase_code` varchar(255) DEFAULT NULL
) ENGINE=InnoDB DEFAULT CHARSET=utf8;

-- --------------------------------------------------------

--
-- Struktur dari tabel `applications`
--

CREATE TABLE `applications` (
  `id` int(11) UNSIGNED NOT NULL,
  `user_id` int(11) DEFAULT NULL,
  `address` longtext DEFAULT NULL,
  `phone` varchar(255) DEFAULT NULL,
  `message` longtext DEFAULT NULL,
  `document` varchar(255) DEFAULT NULL,
  `status` int(11) DEFAULT 0
) ENGINE=InnoDB DEFAULT CHARSET=utf8;

-- --------------------------------------------------------

--
-- Struktur dari tabel `blogs`
--

CREATE TABLE `blogs` (
  `blog_id` int(11) NOT NULL,
  `blog_category_id` int(11) NOT NULL,
  `user_id` int(11) NOT NULL,
  `title` varchar(255) COLLATE utf8_unicode_ci NOT NULL,
  `keywords` text COLLATE utf8_unicode_ci NOT NULL,
  `description` longtext COLLATE utf8_unicode_ci NOT NULL,
  `thumbnail` varchar(100) COLLATE utf8_unicode_ci NOT NULL,
  `banner` varchar(100) COLLATE utf8_unicode_ci NOT NULL,
  `is_popular` int(11) NOT NULL,
  `likes` longtext COLLATE utf8_unicode_ci NOT NULL,
  `added_date` varchar(100) COLLATE utf8_unicode_ci NOT NULL,
  `updated_date` varchar(100) COLLATE utf8_unicode_ci NOT NULL,
  `status` varchar(50) COLLATE utf8_unicode_ci NOT NULL
) ENGINE=InnoDB DEFAULT CHARSET=utf8 COLLATE=utf8_unicode_ci;

--
-- Dumping data untuk tabel `blogs`
--

INSERT INTO `blogs` (`blog_id`, `blog_category_id`, `user_id`, `title`, `keywords`, `description`, `thumbnail`, `banner`, `is_popular`, `likes`, `added_date`, `updated_date`, `status`) VALUES
(4, 2, 4, 'Pembukaan Pelatihan', '', '&lt;p&gt;&lt;iframe frameborder=&quot;0&quot; src=&quot;//www.youtube.com/embed/ruQRQcH85iY&quot; width=&quot;640&quot; height=&quot;360&quot; class=&quot;note-video-clip&quot;&gt;&lt;/iframe&gt;Pembukaan pelatihan dan sertifikasi Angkatan - II Tahun 2022&lt;/p&gt;', '54cbd3f9cae35d1207eae6b0208a4dea.png', '0f7d03da99374a9718f188291fc48684.png', 1, '', '1669967759', '1669967950', '0'),
(5, 2, 4, 'Pembukaan Pelatihan Security', '', '&lt;p&gt;Pelatihan security di UPTD BLK Subang&lt;/p&gt;', '9abccf5efa6e0a118954a128e580430b.png', '06cbf866943c1bd8baaf11c9dded87bc.png', 1, '', '1669968116', '', '0'),
(6, 2, 4, 'Apa Itu Balai Latihan Kerja', '', '&lt;p&gt;&lt;iframe frameborder=&quot;0&quot; src=&quot;//www.youtube.com/embed/1NLgoIXnybs&quot; width=&quot;640&quot; height=&quot;360&quot; class=&quot;note-video-clip&quot;&gt;&lt;/iframe&gt;&lt;br&gt;&lt;/p&gt;', '30b665ac15a21f66b689281ea103e811.png', '205fb1ae9085e0a2a9080227b9b45274.png', 1, '', '1670191611', '1670192007', '1'),
(7, 2, 4, '5 Alasan Harus Ikut Pelatihan Di BLK', '', '&lt;p&gt;&lt;iframe frameborder=&quot;0&quot; src=&quot;//www.youtube.com/embed/_JSKEJS3-HY&quot; width=&quot;640&quot; height=&quot;360&quot; class=&quot;note-video-clip&quot;&gt;&lt;/iframe&gt;&lt;br&gt;&lt;/p&gt;', '96ab4abad9e03d8d856c86934a453c44.png', '252bd1a8647c1f2b4ab649119e2ce499.png', 1, '', '1670191938', '', '1');

-- --------------------------------------------------------

--
-- Struktur dari tabel `blog_category`
--

CREATE TABLE `blog_category` (
  `blog_category_id` int(11) NOT NULL,
  `title` varchar(255) COLLATE utf8_unicode_ci NOT NULL,
  `subtitle` varchar(255) COLLATE utf8_unicode_ci NOT NULL,
  `slug` varchar(255) COLLATE utf8_unicode_ci NOT NULL,
  `added_date` varchar(100) COLLATE utf8_unicode_ci NOT NULL
) ENGINE=InnoDB DEFAULT CHARSET=utf8 COLLATE=utf8_unicode_ci;

--
-- Dumping data untuk tabel `blog_category`
--

INSERT INTO `blog_category` (`blog_category_id`, `title`, `subtitle`, `slug`, `added_date`) VALUES
(1, 'SHID', 'Tentang Peraturan', 'shid', '1668123428'),
(2, 'Sekilas Info', '', 'sekilas-info', '1669967553');

-- --------------------------------------------------------

--
-- Struktur dari tabel `blog_comments`
--

CREATE TABLE `blog_comments` (
  `blog_comment_id` int(11) NOT NULL,
  `blog_id` int(11) NOT NULL,
  `user_id` int(11) NOT NULL,
  `parent_id` int(11) NOT NULL,
  `comment` longtext COLLATE utf8_unicode_ci NOT NULL,
  `likes` longtext COLLATE utf8_unicode_ci NOT NULL,
  `added_date` varchar(100) COLLATE utf8_unicode_ci NOT NULL,
  `updated_date` varchar(100) COLLATE utf8_unicode_ci NOT NULL
) ENGINE=InnoDB DEFAULT CHARSET=utf8 COLLATE=utf8_unicode_ci;

-- --------------------------------------------------------

--
-- Struktur dari tabel `category`
--

CREATE TABLE `category` (
  `id` int(11) UNSIGNED NOT NULL,
  `code` varchar(255) COLLATE utf8_unicode_ci DEFAULT NULL,
  `name` varchar(255) COLLATE utf8_unicode_ci DEFAULT NULL,
  `parent` int(11) DEFAULT 0,
  `slug` varchar(255) COLLATE utf8_unicode_ci DEFAULT NULL,
  `date_added` int(11) DEFAULT NULL,
  `last_modified` int(11) DEFAULT NULL,
  `font_awesome_class` varchar(255) COLLATE utf8_unicode_ci DEFAULT NULL,
  `thumbnail` varchar(255) COLLATE utf8_unicode_ci DEFAULT NULL
) ENGINE=InnoDB DEFAULT CHARSET=utf8 COLLATE=utf8_unicode_ci;

--
-- Dumping data untuk tabel `category`
--

INSERT INTO `category` (`id`, `code`, `name`, `parent`, `slug`, `date_added`, `last_modified`, `font_awesome_class`, `thumbnail`) VALUES
(37, '8f14d4ed84', 'Pengoperasian Mesin Bubut', 44, 'pengoperasian-mesin-bubut', 1669939200, 1670112000, 'fas fa-chess', 'category-thumbnail.png'),
(38, '44ac73f74f', 'Drafter CAD Mekanikal', 44, 'drafter-cad-mekanikal', 1669939200, 1670112000, 'fas fa-chess', 'category-thumbnail.png'),
(40, '05a6e1f9cb', 'Menjahit Pakaian Wanita Dewasa', 43, 'menjahit-pakaian-wanita-dewasa', 1669939200, 1670112000, 'fas fa-chess', 'category-thumbnail.png'),
(41, 'b19248e085', 'Operator Garment', 43, 'operator-garment', 1669939200, 1670112000, 'fas fa-chess', 'category-thumbnail.png'),
(42, '37b5e63c51', 'Asisten Pembuat Pakaian', 43, 'asisten-pembuat-pakaian', 1669939200, 1670112000, 'fas fa-chess', 'category-thumbnail.png'),
(43, 'cee3d3926b', 'Garment Apparel', 0, 'garment-apparel', 1669939200, NULL, 'fas fa-chess', 'category-thumbnail.png'),
(44, 'a4c6d63426', 'Teknik Manufaktur', 0, 'teknik-manufaktur', 1670112000, NULL, 'fas fa-chess', 'category-thumbnail.png'),
(45, 'ed1dac006b', 'Teknologi Informasi dan Komunikasi', 0, 'teknologi-informasi-dan-komunikasi', 1670112000, NULL, 'fas fa-chess', 'category-thumbnail.png'),
(46, '7818d2bc21', 'Practical Office Advance', 45, 'practical-office-advance', 1670112000, 1670112000, 'fas fa-chess', 'category-thumbnail.png'),
(47, '8de6f1518f', 'Junior Desain Grafis', 45, 'junior-desain-grafis', 1670112000, NULL, 'fas fa-chess', NULL),
(48, '7f22047b81', 'Animator Muda', 45, 'animator-muda', 1670112000, NULL, 'fas fa-chess', NULL),
(49, 'fd0bf11c4c', 'Teknisi Audio Video', 51, 'teknisi-audio-video', 1670630400, 1670630400, 'fas fa-chess', 'category-thumbnail.png'),
(51, '36b6f3c32f', 'Teknik Elektronika', 0, 'teknik-elektronika', 1670630400, NULL, 'fas fa-chess', 'category-thumbnail.png'),
(52, '694a090f0e', 'Teknik Listrik', 0, 'teknik-listrik', 1670630400, NULL, 'fas fa-chess', 'category-thumbnail.png'),
(53, 'e1d7d0df38', 'Pemasangan Instalasi Listrik Bangunan Sederhana', 52, 'pemasangan-instalasi-listrik-bangunan-sederhana', 1670630400, NULL, 'fas fa-chess', NULL),
(54, '1657551cab', 'Teknik Las', 0, 'teknik-las', 1670630400, NULL, 'fas fa-chess', 'category-thumbnail.png'),
(55, '78928fb2fd', 'Pipe Welder SMAW 6G-UP HILL/HLO-45', 54, 'pipe-welder-smaw-6g-up-hill-hlo-45', 1670630400, NULL, 'fas fa-chess', NULL),
(56, '2c7de7771f', 'Plate Welder SMAW 3G-UP/PF', 54, 'plate-welder-smaw-3g-up-pf', 1670630400, NULL, 'fas fa-chess', NULL),
(57, 'd3d15194bf', 'Teknik Otomotif', 0, 'teknik-otomotif', 1670630400, NULL, 'fas fa-chess', 'category-thumbnail.png'),
(58, 'b10ac931a5', 'Tune Up Sepeda Motor Konvensional', 57, 'tune-up-sepeda-motor-konvensional', 1670630400, NULL, 'fas fa-chess', NULL),
(59, 'cd05f74d01', 'Teknik Engine Tune Up Sepeda Motor Injeksi', 57, 'teknik-engine-tune-up-sepeda-motor-injeksi', 1670630400, NULL, 'fas fa-chess', NULL),
(60, '206116d9f7', 'Refrigeration', 0, 'refrigeration', 1670630400, NULL, 'fas fa-chess', 'category-thumbnail.png'),
(61, '7847765fca', 'Teknisi AC Residential', 60, 'teknisi-ac-residential', 1670630400, NULL, 'fas fa-chess', NULL),
(62, '653780a45b', 'Processing', 0, 'processing', 1670630400, NULL, 'fas fa-chess', 'category-thumbnail.png'),
(63, '27792006dc', 'Pariwisata', 0, 'pariwisata', 1670630400, NULL, 'fas fa-chess', 'category-thumbnail.png'),
(64, '9d38451b83', 'Pembuatan Produk Roti dan Pattiseri', 63, 'pembuatan-produk-roti-dan-pattiseri', 1670630400, NULL, 'fas fa-chess', NULL),
(65, '8d969817ed', 'Pengolahan Ikan', 62, 'pengolahan-ikan', 1670630400, NULL, 'fas fa-chess', NULL),
(66, '276c9b1e68', 'Pengolahan Buah', 62, 'pengolahan-buah', 1670630400, NULL, 'fas fa-chess', NULL),
(67, 'bd0a388d5f', 'Pengolahan Air Susu', 62, 'pengolahan-air-susu', 1670630400, NULL, 'fas fa-chess', NULL),
(68, '1ba18db4f7', 'Bisnis dan Manajemen', 0, 'bisnis-dan-manajemen', 1670630400, NULL, 'fas fa-chess', 'category-thumbnail.png'),
(69, 'f9dffd5d72', 'Junior Sekretaris', 68, 'junior-sekretaris', 1670630400, NULL, 'fas fa-chess', NULL);

-- --------------------------------------------------------

--
-- Struktur dari tabel `ci_sessions`
--

CREATE TABLE `ci_sessions` (
  `id` varchar(40) COLLATE utf8_unicode_ci NOT NULL,
  `ip_address` varchar(45) COLLATE utf8_unicode_ci NOT NULL,
  `timestamp` int(10) UNSIGNED NOT NULL DEFAULT 0,
  `data` blob NOT NULL
) ENGINE=InnoDB DEFAULT CHARSET=utf8 COLLATE=utf8_unicode_ci;

--
-- Dumping data untuk tabel `ci_sessions`
--

INSERT INTO `ci_sessions` (`id`, `ip_address`, `timestamp`, `data`) VALUES
('469fbfcac32fc56a132c2ac0e4151765229759e9', '165.227.32.174', 1674278435, 0x5f5f63695f6c6173745f726567656e65726174657c693a313637343237383433343b636172745f6974656d737c613a303a7b7d6c616e67756167657c733a323a226964223b),
('ce0cf0601004ddff0dbde665183cc2fa26ce97ec', '165.227.32.174', 1674278463, 0x5f5f63695f6c6173745f726567656e65726174657c693a313637343237383436333b636172745f6974656d737c613a303a7b7d6c616e67756167657c733a323a226964223b),
('f17d009089f983f79a22d65c870e13dec1f0aacf', '165.227.32.174', 1674278491, 0x5f5f63695f6c6173745f726567656e65726174657c693a313637343237383439303b636172745f6974656d737c613a303a7b7d6c616e67756167657c733a323a226964223b),
('24b81da1248802c4b9a588e8b7781b50d6fd84b8', '165.227.32.174', 1674278518, 0x5f5f63695f6c6173745f726567656e65726174657c693a313637343237383531383b636172745f6974656d737c613a303a7b7d6c616e67756167657c733a323a226964223b),
('a0a4fb03d3291007047b24a703b9b5021e146a4f', '165.227.32.174', 1674278546, 0x5f5f63695f6c6173745f726567656e65726174657c693a313637343237383534363b636172745f6974656d737c613a303a7b7d6c616e67756167657c733a323a226964223b),
('dac5ed99ac774b8d6c050e86713f2fdd45585d4a', '165.227.32.174', 1674278588, 0x5f5f63695f6c6173745f726567656e65726174657c693a313637343237383538383b636172745f6974656d737c613a303a7b7d6c616e67756167657c733a323a226964223b),
('9b6f2b7a1266dc4ade01fb0f56d0078f477fc7d6', '165.227.32.174', 1674278617, 0x5f5f63695f6c6173745f726567656e65726174657c693a313637343237383631373b636172745f6974656d737c613a303a7b7d6c616e67756167657c733a323a226964223b),
('4135bafbf2030c25e415ed160b4651ee935a62c6', '165.227.32.174', 1674278644, 0x5f5f63695f6c6173745f726567656e65726174657c693a313637343237383634343b636172745f6974656d737c613a303a7b7d6c616e67756167657c733a323a226964223b),
('3b3cd8839aae8da1972454f19056c53015407af7', '165.227.32.174', 1674278671, 0x5f5f63695f6c6173745f726567656e65726174657c693a313637343237383637313b636172745f6974656d737c613a303a7b7d6c616e67756167657c733a323a226964223b),
('76ae4d4afa16f1e4dd3e033895927a7ce0cf4d19', '165.227.32.174', 1674278698, 0x5f5f63695f6c6173745f726567656e65726174657c693a313637343237383639383b636172745f6974656d737c613a303a7b7d6c616e67756167657c733a323a226964223b),
('52ba8886fe79925f9cdb2a10ea2d10499288dd35', '165.227.32.174', 1674278724, 0x5f5f63695f6c6173745f726567656e65726174657c693a313637343237383732343b636172745f6974656d737c613a303a7b7d6c616e67756167657c733a323a226964223b),
('966f4ffce1c108877d96cec18195dfbee01ef036', '165.227.32.174', 1674278751, 0x5f5f63695f6c6173745f726567656e65726174657c693a313637343237383735313b636172745f6974656d737c613a303a7b7d6c616e67756167657c733a323a226964223b),
('389021b43b15918bc90403f6fc7d0af53a071a93', '165.227.32.174', 1674278778, 0x5f5f63695f6c6173745f726567656e65726174657c693a313637343237383737383b636172745f6974656d737c613a303a7b7d6c616e67756167657c733a323a226964223b),
('6675cb92d973e4083e6c28b7d31da90691b24412', '165.227.32.174', 1674278804, 0x5f5f63695f6c6173745f726567656e65726174657c693a313637343237383830343b636172745f6974656d737c613a303a7b7d6c616e67756167657c733a323a226964223b),
('62edffa0b3882adc356f97d5802b5b52b2699e3f', '165.227.32.174', 1674278830, 0x5f5f63695f6c6173745f726567656e65726174657c693a313637343237383833303b636172745f6974656d737c613a303a7b7d6c616e67756167657c733a323a226964223b),
('0819efae504938dbd27f04a7f367cdcd4cf59e83', '165.227.32.174', 1674278856, 0x5f5f63695f6c6173745f726567656e65726174657c693a313637343237383835363b636172745f6974656d737c613a303a7b7d6c616e67756167657c733a323a226964223b),
('b422077ecc136c31c9f90c80a1a51aaeb92562d6', '165.227.32.174', 1674278882, 0x5f5f63695f6c6173745f726567656e65726174657c693a313637343237383838323b636172745f6974656d737c613a303a7b7d6c616e67756167657c733a323a226964223b),
('48d5da65e6b0468cc2cb93ad1f6861c388c8f9c5', '165.227.32.174', 1674278908, 0x5f5f63695f6c6173745f726567656e65726174657c693a313637343237383930383b636172745f6974656d737c613a303a7b7d6c616e67756167657c733a323a226964223b),
('955b2227b9cb71c91a19901c3a33cdd5e5aded3a', '165.227.32.174', 1674278934, 0x5f5f63695f6c6173745f726567656e65726174657c693a313637343237383933343b636172745f6974656d737c613a303a7b7d6c616e67756167657c733a323a226964223b),
('e186ecd2e2d1cc6ff081bc3ba741f5c234d23b17', '165.227.32.174', 1674278959, 0x5f5f63695f6c6173745f726567656e65726174657c693a313637343237383935393b636172745f6974656d737c613a303a7b7d6c616e67756167657c733a323a226964223b),
('1f3a4a28ccfb1def93d91cea6200da841d0196bb', '165.227.32.174', 1674278985, 0x5f5f63695f6c6173745f726567656e65726174657c693a313637343237383938353b636172745f6974656d737c613a303a7b7d6c616e67756167657c733a323a226964223b),
('f40eafe21704222704477b9493c08ee602df30cd', '165.227.32.174', 1674279010, 0x5f5f63695f6c6173745f726567656e65726174657c693a313637343237393031303b636172745f6974656d737c613a303a7b7d6c616e67756167657c733a323a226964223b),
('2b2013594ca1479cc7f50ee47aa7d9886e3e2dea', '165.227.32.174', 1674279036, 0x5f5f63695f6c6173745f726567656e65726174657c693a313637343237393033363b636172745f6974656d737c613a303a7b7d6c616e67756167657c733a323a226964223b),
('ea2a9703482373fed84528a085c0c0b517058943', '165.227.32.174', 1674279062, 0x5f5f63695f6c6173745f726567656e65726174657c693a313637343237393036323b636172745f6974656d737c613a303a7b7d6c616e67756167657c733a323a226964223b),
('347988bdae77d5d4b28f21dd173424dd7f9b2e28', '165.227.32.174', 1674279087, 0x5f5f63695f6c6173745f726567656e65726174657c693a313637343237393038373b636172745f6974656d737c613a303a7b7d6c616e67756167657c733a323a226964223b),
('0774bbfb908f1b18cc2d9f55c412d88f06952a82', '165.227.32.174', 1674279113, 0x5f5f63695f6c6173745f726567656e65726174657c693a313637343237393131333b636172745f6974656d737c613a303a7b7d6c616e67756167657c733a323a226964223b),
('99da5b070d67a656d2b06b203c9594bca8dc4154', '165.227.32.174', 1674279138, 0x5f5f63695f6c6173745f726567656e65726174657c693a313637343237393133383b636172745f6974656d737c613a303a7b7d6c616e67756167657c733a323a226964223b),
('632efe995168af147a7ab2ef1085859dcd6d7250', '165.227.32.174', 1674279163, 0x5f5f63695f6c6173745f726567656e65726174657c693a313637343237393136333b636172745f6974656d737c613a303a7b7d6c616e67756167657c733a323a226964223b),
('30abb5afd51fb6a67fcb859a2fb3f4cdc7f7e1a3', '165.227.32.174', 1674279190, 0x5f5f63695f6c6173745f726567656e65726174657c693a313637343237393139303b636172745f6974656d737c613a303a7b7d6c616e67756167657c733a323a226964223b),
('f1c7ea03d4473e11cd4ed0fa4a919558872bbbab', '165.227.32.174', 1674279223, 0x5f5f63695f6c6173745f726567656e65726174657c693a313637343237393232333b636172745f6974656d737c613a303a7b7d6c616e67756167657c733a323a226964223b),
('779e1b61299da42e6f00752c87e316c8f3a877f3', '165.227.32.174', 1674279249, 0x5f5f63695f6c6173745f726567656e65726174657c693a313637343237393234393b636172745f6974656d737c613a303a7b7d6c616e67756167657c733a323a226964223b),
('398507c0f917404a646875763b5630b3b61d61e2', '165.227.32.174', 1674279272, 0x5f5f63695f6c6173745f726567656e65726174657c693a313637343237393237323b636172745f6974656d737c613a303a7b7d6c616e67756167657c733a323a226964223b),
('42a3d0ba104ea0a56734c128e48b5d299f1b7d78', '165.227.32.174', 1674279296, 0x5f5f63695f6c6173745f726567656e65726174657c693a313637343237393239363b636172745f6974656d737c613a303a7b7d6c616e67756167657c733a323a226964223b),
('83df2aed2b38e8e3ff8767cdc9c223fc7225ccb0', '165.227.32.174', 1674279320, 0x5f5f63695f6c6173745f726567656e65726174657c693a313637343237393332303b636172745f6974656d737c613a303a7b7d6c616e67756167657c733a323a226964223b),
('7deb5bf8ca45770c4851f45308c706420ee14e1a', '165.227.32.174', 1674279346, 0x5f5f63695f6c6173745f726567656e65726174657c693a313637343237393334353b636172745f6974656d737c613a303a7b7d6c616e67756167657c733a323a226964223b),
('9c3e6ab9b658294970ff404f470e999e887d7832', '165.227.32.174', 1674279370, 0x5f5f63695f6c6173745f726567656e65726174657c693a313637343237393337303b636172745f6974656d737c613a303a7b7d6c616e67756167657c733a323a226964223b),
('fedbfc5985d2b9a1e77b38a77bdeec57f0ccbd44', '165.227.32.174', 1674279393, 0x5f5f63695f6c6173745f726567656e65726174657c693a313637343237393339333b636172745f6974656d737c613a303a7b7d6c616e67756167657c733a323a226964223b),
('baf803031890fdc4a304ca3c7ab2a0ff647ff28a', '165.227.32.174', 1674279415, 0x5f5f63695f6c6173745f726567656e65726174657c693a313637343237393431353b636172745f6974656d737c613a303a7b7d6c616e67756167657c733a323a226964223b),
('3398f85dcf6af992e55b0f32e56258111c83503f', '165.227.32.174', 1674279439, 0x5f5f63695f6c6173745f726567656e65726174657c693a313637343237393433393b636172745f6974656d737c613a303a7b7d6c616e67756167657c733a323a226964223b),
('964e34289fc3c0a55ee5bffdeef874e94c5d8f60', '165.227.32.174', 1674279462, 0x5f5f63695f6c6173745f726567656e65726174657c693a313637343237393436323b636172745f6974656d737c613a303a7b7d6c616e67756167657c733a323a226964223b),
('58f2feb6b77e192392f6e12003a7b426e552a8ad', '165.227.32.174', 1674279485, 0x5f5f63695f6c6173745f726567656e65726174657c693a313637343237393438353b636172745f6974656d737c613a303a7b7d6c616e67756167657c733a323a226964223b),
('e011172525c25f80087f96986a0a5dfa86bf7ece', '165.227.32.174', 1674279508, 0x5f5f63695f6c6173745f726567656e65726174657c693a313637343237393530383b636172745f6974656d737c613a303a7b7d6c616e67756167657c733a323a226964223b),
('178f4007cd5e2d03f43f48bdc960d94929f6337f', '165.227.32.174', 1674279532, 0x5f5f63695f6c6173745f726567656e65726174657c693a313637343237393533323b636172745f6974656d737c613a303a7b7d6c616e67756167657c733a323a226964223b),
('4b9ccf9e701556c9af962439d7449282f5700f4a', '165.227.32.174', 1674279555, 0x5f5f63695f6c6173745f726567656e65726174657c693a313637343237393535353b636172745f6974656d737c613a303a7b7d6c616e67756167657c733a323a226964223b),
('6b8d8d89eb0b16ac66155950c862618e7d4bc645', '165.227.32.174', 1674279579, 0x5f5f63695f6c6173745f726567656e65726174657c693a313637343237393537383b636172745f6974656d737c613a303a7b7d6c616e67756167657c733a323a226964223b),
('7de45b8a8fa4d19fe144378a0e7efba0d3043823', '165.227.32.174', 1674279601, 0x5f5f63695f6c6173745f726567656e65726174657c693a313637343237393630313b636172745f6974656d737c613a303a7b7d6c616e67756167657c733a323a226964223b),
('565ced2cc936dc015738025093b6fefcda45e1b8', '165.227.32.174', 1674279624, 0x5f5f63695f6c6173745f726567656e65726174657c693a313637343237393632343b636172745f6974656d737c613a303a7b7d6c616e67756167657c733a323a226964223b),
('ca2c31bb8554026b83e03d1dbb889b4122e9c2db', '165.227.32.174', 1674279649, 0x5f5f63695f6c6173745f726567656e65726174657c693a313637343237393634383b636172745f6974656d737c613a303a7b7d6c616e67756167657c733a323a226964223b),
('b3815b8796f44234da60cb5c6d155fab522350f8', '165.227.32.174', 1674279672, 0x5f5f63695f6c6173745f726567656e65726174657c693a313637343237393637323b636172745f6974656d737c613a303a7b7d6c616e67756167657c733a323a226964223b),
('5c0cf62eafde215db9a5f1bc684c77a8ef78b50e', '165.227.32.174', 1674279694, 0x5f5f63695f6c6173745f726567656e65726174657c693a313637343237393639343b636172745f6974656d737c613a303a7b7d6c616e67756167657c733a323a226964223b),
('76a00a14811e7c5dc72e9d618e41a566b0960388', '165.227.32.174', 1674279717, 0x5f5f63695f6c6173745f726567656e65726174657c693a313637343237393731373b636172745f6974656d737c613a303a7b7d6c616e67756167657c733a323a226964223b),
('eae0526a44469188f9c116c0bb9ce3487e062208', '165.227.32.174', 1674279739, 0x5f5f63695f6c6173745f726567656e65726174657c693a313637343237393733393b636172745f6974656d737c613a303a7b7d6c616e67756167657c733a323a226964223b),
('7eb479916967a0a77aa241d27ad022b8737e0c1a', '165.227.32.174', 1674279763, 0x5f5f63695f6c6173745f726567656e65726174657c693a313637343237393736323b636172745f6974656d737c613a303a7b7d6c616e67756167657c733a323a226964223b),
('38a22064c457a5b37866d040566f5d0c8cfbcd63', '165.227.32.174', 1674279787, 0x5f5f63695f6c6173745f726567656e65726174657c693a313637343237393738363b636172745f6974656d737c613a303a7b7d6c616e67756167657c733a323a226964223b),
('cd1fc2d422f5ed8e99019dc4c21e9986f24d148f', '165.227.32.174', 1674279809, 0x5f5f63695f6c6173745f726567656e65726174657c693a313637343237393830393b636172745f6974656d737c613a303a7b7d6c616e67756167657c733a323a226964223b),
('2e502292fd2b54c9928cb5a2af2cf0dc97c292ed', '165.227.32.174', 1674279833, 0x5f5f63695f6c6173745f726567656e65726174657c693a313637343237393833333b636172745f6974656d737c613a303a7b7d6c616e67756167657c733a323a226964223b),
('d9b651cec5577f74c86e3f48cfe70542f2fda931', '165.227.32.174', 1674279857, 0x5f5f63695f6c6173745f726567656e65726174657c693a313637343237393835373b636172745f6974656d737c613a303a7b7d6c616e67756167657c733a323a226964223b),
('f5268c75e47a4c2842beb4e389e00e740fdc986d', '165.227.32.174', 1674279879, 0x5f5f63695f6c6173745f726567656e65726174657c693a313637343237393837393b636172745f6974656d737c613a303a7b7d6c616e67756167657c733a323a226964223b),
('7e74554ed5b684e618b486536c027e57fdcbc827', '165.227.32.174', 1674279902, 0x5f5f63695f6c6173745f726567656e65726174657c693a313637343237393930323b636172745f6974656d737c613a303a7b7d6c616e67756167657c733a323a226964223b),
('3e46c7ef9ae6342311b71d17a6af14149402737d', '165.227.32.174', 1674279924, 0x5f5f63695f6c6173745f726567656e65726174657c693a313637343237393932343b636172745f6974656d737c613a303a7b7d6c616e67756167657c733a323a226964223b),
('65b9473e2c207ee2813393b27d02d761b70b8c91', '165.227.32.174', 1674279947, 0x5f5f63695f6c6173745f726567656e65726174657c693a313637343237393934373b69735f696e7374727563746f727c733a313a2231223b),
('032e760d529966085d169b373cbff879c42b8e3a', '165.227.32.174', 1674279969, 0x5f5f63695f6c6173745f726567656e65726174657c693a313637343237393936393b636172745f6974656d737c613a303a7b7d),
('49c9cef26be6794abe10eb9bbddfe2e31dae84ad', '165.227.32.174', 1674279991, 0x5f5f63695f6c6173745f726567656e65726174657c693a313637343237393939313b636172745f6974656d737c613a303a7b7d6c616e67756167657c733a323a226964223b),
('42549e429f3c3ccfa18bf3a392421f6b4fdfa666', '165.227.32.174', 1674280013, 0x5f5f63695f6c6173745f726567656e65726174657c693a313637343238303031333b636172745f6974656d737c613a303a7b7d6c616e67756167657c733a323a226964223b),
('48a5d9552c776ae2897ac66701072a50101cbc8f', '165.227.32.174', 1674280035, 0x5f5f63695f6c6173745f726567656e65726174657c693a313637343238303033343b636172745f6974656d737c613a303a7b7d6c616e67756167657c733a323a226964223b),
('eb8352cdad5bcf8fb979857898cf89356e48469d', '165.227.32.174', 1674280055, 0x5f5f63695f6c6173745f726567656e65726174657c693a313637343238303035353b636172745f6974656d737c613a303a7b7d6c616e67756167657c733a323a226964223b),
('e7ecd8abb26b271823578f475e3b9f0a4faabcb8', '165.227.32.174', 1674280077, 0x5f5f63695f6c6173745f726567656e65726174657c693a313637343238303037373b636172745f6974656d737c613a303a7b7d6c616e67756167657c733a323a226964223b),
('b982e94dbb44ed5880a64d10bb5f75dd4a6454dc', '165.227.32.174', 1674280099, 0x5f5f63695f6c6173745f726567656e65726174657c693a313637343238303039393b636172745f6974656d737c613a303a7b7d6c616e67756167657c733a323a226964223b),
('6d8879558bf11ac026d8bc242a8415e65b2ac46c', '165.227.32.174', 1674280121, 0x5f5f63695f6c6173745f726567656e65726174657c693a313637343238303132313b636172745f6974656d737c613a303a7b7d6c616e67756167657c733a323a226964223b),
('2b020f805de482dab25ea4cfe1fea947af9cb462', '165.227.32.174', 1674280165, 0x5f5f63695f6c6173745f726567656e65726174657c693a313637343238303136353b636172745f6974656d737c613a303a7b7d6c616e67756167657c733a323a226964223b),
('d5f8ded2abc8ee5be085e8d66dfc6b4e3c5c2aa9', '165.227.32.174', 1674280186, 0x5f5f63695f6c6173745f726567656e65726174657c693a313637343238303138363b636172745f6974656d737c613a303a7b7d6c616e67756167657c733a323a226964223b),
('5821ae9b10b26629bb0ffbfc7c0d68fd4dd8b921', '165.227.32.174', 1674280208, 0x5f5f63695f6c6173745f726567656e65726174657c693a313637343238303230383b636172745f6974656d737c613a303a7b7d6c616e67756167657c733a323a226964223b),
('a51094659313fd8564394a60df3d35deb90204e4', '165.227.32.174', 1674280229, 0x5f5f63695f6c6173745f726567656e65726174657c693a313637343238303232393b636172745f6974656d737c613a303a7b7d6c616e67756167657c733a323a226964223b),
('9c0664ff7f7aed47f74a3accfb40fba0e6b25a21', '165.227.32.174', 1674280251, 0x5f5f63695f6c6173745f726567656e65726174657c693a313637343238303235313b636172745f6974656d737c613a303a7b7d6c616e67756167657c733a323a226964223b),
('591c53beb3e84229967280a875b934cce6972103', '165.227.32.174', 1674280272, 0x5f5f63695f6c6173745f726567656e65726174657c693a313637343238303237323b636172745f6974656d737c613a303a7b7d6c616e67756167657c733a323a226964223b),
('9a43f41b3eb5a5f07e9e642c3968e24bf0d93993', '165.227.32.174', 1674280292, 0x5f5f63695f6c6173745f726567656e65726174657c693a313637343238303239323b636172745f6974656d737c613a303a7b7d6c616e67756167657c733a323a226964223b),
('f2274a2a762fb85685e6ed5f08d2bb7e6b0ddf70', '165.227.32.174', 1674280313, 0x5f5f63695f6c6173745f726567656e65726174657c693a313637343238303331333b636172745f6974656d737c613a303a7b7d6c616e67756167657c733a323a226964223b),
('41482b52ec48ccd58d23f736e48bb9bfe2cdb0a6', '165.227.32.174', 1674280334, 0x5f5f63695f6c6173745f726567656e65726174657c693a313637343238303333343b636172745f6974656d737c613a303a7b7d6c616e67756167657c733a323a226964223b),
('a1a576e790d3e1d44673845f518cb96514a9cd13', '165.227.32.174', 1674280355, 0x5f5f63695f6c6173745f726567656e65726174657c693a313637343238303335353b636172745f6974656d737c613a303a7b7d6c616e67756167657c733a323a226964223b),
('ad01ae8c4ea7db1139d27147d834b539066e8a36', '165.227.32.174', 1674280376, 0x5f5f63695f6c6173745f726567656e65726174657c693a313637343238303337363b636172745f6974656d737c613a303a7b7d6c616e67756167657c733a323a226964223b),
('51ce5d97f85116f39e997f85b57bba3e14d200f3', '165.227.32.174', 1674280396, 0x5f5f63695f6c6173745f726567656e65726174657c693a313637343238303339363b636172745f6974656d737c613a303a7b7d6c616e67756167657c733a323a226964223b),
('de9e949048e06403a13ecf22cc51e38f1bb8a691', '165.227.32.174', 1674280416, 0x5f5f63695f6c6173745f726567656e65726174657c693a313637343238303431363b636172745f6974656d737c613a303a7b7d6c616e67756167657c733a323a226964223b),
('72054ca25aa59b28af14c02c981de3d58e574974', '165.227.32.174', 1674280436, 0x5f5f63695f6c6173745f726567656e65726174657c693a313637343238303433363b636172745f6974656d737c613a303a7b7d6c616e67756167657c733a323a226964223b),
('b7806c44a40474c174cdd0a497f5a44cf25be486', '165.227.32.174', 1674280456, 0x5f5f63695f6c6173745f726567656e65726174657c693a313637343238303435363b636172745f6974656d737c613a303a7b7d6c616e67756167657c733a323a226964223b),
('ec782e30928979bd8d28c0779744b1581f7c4e5c', '165.227.32.174', 1674280476, 0x5f5f63695f6c6173745f726567656e65726174657c693a313637343238303437363b636172745f6974656d737c613a303a7b7d6c616e67756167657c733a323a226964223b),
('bc01f44c78ebb870bf6f4774ea4dd719cd0fa50b', '165.227.32.174', 1674280496, 0x5f5f63695f6c6173745f726567656e65726174657c693a313637343238303439363b636172745f6974656d737c613a303a7b7d6c616e67756167657c733a323a226964223b),
('170d3fd052956f7c7bb0569c5a91f42f165db197', '165.227.32.174', 1674280517, 0x5f5f63695f6c6173745f726567656e65726174657c693a313637343238303531373b636172745f6974656d737c613a303a7b7d6c616e67756167657c733a323a226964223b),
('3195befbe2dbfa81d58e336f66655da76ca3fd71', '165.227.32.174', 1674280537, 0x5f5f63695f6c6173745f726567656e65726174657c693a313637343238303533373b636172745f6974656d737c613a303a7b7d6c616e67756167657c733a323a226964223b),
('d9f454684b14aab3d41ca070a29f9e3ac0bb7f81', '165.227.32.174', 1674280557, 0x5f5f63695f6c6173745f726567656e65726174657c693a313637343238303535373b636172745f6974656d737c613a303a7b7d6c616e67756167657c733a323a226964223b),
('7d595d9e409f0aaf7cc01dce7e6209ee9574fd07', '165.227.32.174', 1674280579, 0x5f5f63695f6c6173745f726567656e65726174657c693a313637343238303537393b636172745f6974656d737c613a303a7b7d6c616e67756167657c733a323a226964223b),
('fe08d9d2a14243b89645e62435f817ea3524e302', '165.227.32.174', 1674280599, 0x5f5f63695f6c6173745f726567656e65726174657c693a313637343238303539393b636172745f6974656d737c613a303a7b7d6c616e67756167657c733a323a226964223b),
('f1570e1756a4ffba251b59695315da9687a23002', '165.227.32.174', 1674280638, 0x5f5f63695f6c6173745f726567656e65726174657c693a313637343238303633383b636172745f6974656d737c613a303a7b7d6c616e67756167657c733a323a226964223b),
('009d6ee2a738a2e53644605ec80d4b753a51c8f4', '165.227.32.174', 1674280658, 0x5f5f63695f6c6173745f726567656e65726174657c693a313637343238303635383b636172745f6974656d737c613a303a7b7d6c616e67756167657c733a323a226964223b),
('be8b814ffc2f49cf49c7e0363d46d7d0db2b2e6f', '165.227.32.174', 1674280677, 0x5f5f63695f6c6173745f726567656e65726174657c693a313637343238303637373b636172745f6974656d737c613a303a7b7d6c616e67756167657c733a323a226964223b),
('4387be6421767c2ec87864f813a5ce63e6974552', '165.227.32.174', 1674280696, 0x5f5f63695f6c6173745f726567656e65726174657c693a313637343238303639363b636172745f6974656d737c613a303a7b7d6c616e67756167657c733a323a226964223b),
('dba7ca70b07a9433a91157f3d00be19ce7280a54', '165.227.32.174', 1674280716, 0x5f5f63695f6c6173745f726567656e65726174657c693a313637343238303731363b636172745f6974656d737c613a303a7b7d6c616e67756167657c733a323a226964223b),
('478000254d7e1ff8aca6dd321a234fd330701ba0', '165.227.32.174', 1674280735, 0x5f5f63695f6c6173745f726567656e65726174657c693a313637343238303733353b636172745f6974656d737c613a303a7b7d6c616e67756167657c733a323a226964223b),
('6b73bb0fd20bbe756ed2a1ea888bb8c9401c3b72', '165.227.32.174', 1674280753, 0x5f5f63695f6c6173745f726567656e65726174657c693a313637343238303735333b636172745f6974656d737c613a303a7b7d6c616e67756167657c733a323a226964223b),
('3233ca8ab0b3e93821061716755e9951a1ac32cb', '165.227.32.174', 1674280772, 0x5f5f63695f6c6173745f726567656e65726174657c693a313637343238303737323b636172745f6974656d737c613a303a7b7d6c616e67756167657c733a323a226964223b),
('9d18f548f0ef0d9eb542a34ac364b778a6f07d0f', '165.227.32.174', 1674280791, 0x5f5f63695f6c6173745f726567656e65726174657c693a313637343238303739313b636172745f6974656d737c613a303a7b7d6c616e67756167657c733a323a226964223b),
('4b79651d9ca58f7a198dd26f4b25dc663b481485', '165.227.32.174', 1674280811, 0x5f5f63695f6c6173745f726567656e65726174657c693a313637343238303831313b636172745f6974656d737c613a303a7b7d6c616e67756167657c733a323a226964223b),
('1332b166b885089a89ffdfa465150fa75d13d7cd', '165.227.32.174', 1674280834, 0x5f5f63695f6c6173745f726567656e65726174657c693a313637343238303833343b636172745f6974656d737c613a303a7b7d6c616e67756167657c733a323a226964223b),
('a95daf9432e7de38e7763d00f6839f867950e3c5', '165.227.32.174', 1674280853, 0x5f5f63695f6c6173745f726567656e65726174657c693a313637343238303835333b636172745f6974656d737c613a303a7b7d6c616e67756167657c733a323a226964223b),
('f19920b81e3bedbc46a7ec5752e74148e38282ff', '165.227.32.174', 1674280873, 0x5f5f63695f6c6173745f726567656e65726174657c693a313637343238303837333b636172745f6974656d737c613a303a7b7d6c616e67756167657c733a323a226964223b),
('5b6096ac33d011bf406e311c4c5d774fdfb8db0e', '165.227.32.174', 1674280891, 0x5f5f63695f6c6173745f726567656e65726174657c693a313637343238303839313b636172745f6974656d737c613a303a7b7d6c616e67756167657c733a323a226964223b),
('0560d57f4d6cd9d3528ea2722baf11bbd6932317', '165.227.32.174', 1674280910, 0x5f5f63695f6c6173745f726567656e65726174657c693a313637343238303931303b636172745f6974656d737c613a303a7b7d6c616e67756167657c733a323a226964223b),
('5e89d3ca0543c7bb8d24f4c822e6995031425e9e', '165.227.32.174', 1674280930, 0x5f5f63695f6c6173745f726567656e65726174657c693a313637343238303933303b636172745f6974656d737c613a303a7b7d6c616e67756167657c733a323a226964223b),
('1fd9a1ba85913da78451de9fbf748b506a776e5a', '165.227.32.174', 1674280949, 0x5f5f63695f6c6173745f726567656e65726174657c693a313637343238303934393b636172745f6974656d737c613a303a7b7d6c616e67756167657c733a323a226964223b),
('55362b8aee0d63bf559984caca831a8e2ce42f84', '165.227.32.174', 1674280969, 0x5f5f63695f6c6173745f726567656e65726174657c693a313637343238303936383b636172745f6974656d737c613a303a7b7d6c616e67756167657c733a323a226964223b),
('4b27040d932cb2cfdc1e9a915286cec39357fe2b', '165.227.32.174', 1674280986, 0x5f5f63695f6c6173745f726567656e65726174657c693a313637343238303938363b636172745f6974656d737c613a303a7b7d6c616e67756167657c733a323a226964223b),
('92db39b8094f6b047a89562bef0422398940f030', '165.227.32.174', 1674281004, 0x5f5f63695f6c6173745f726567656e65726174657c693a313637343238313030343b636172745f6974656d737c613a303a7b7d6c616e67756167657c733a323a226964223b),
('1bfb8a868eb88f65da1f3d30b71910c387df66f8', '165.227.32.174', 1674281023, 0x5f5f63695f6c6173745f726567656e65726174657c693a313637343238313032333b636172745f6974656d737c613a303a7b7d6c616e67756167657c733a323a226964223b),
('648dc4a1c8dd9ff513bf4d66b414251348a5fd3f', '165.227.32.174', 1674281041, 0x5f5f63695f6c6173745f726567656e65726174657c693a313637343238313034313b636172745f6974656d737c613a303a7b7d6c616e67756167657c733a323a226964223b),
('77ba2ea86deaed000e7cdcc2ed1cf4a77e3badb3', '165.227.32.174', 1674281059, 0x5f5f63695f6c6173745f726567656e65726174657c693a313637343238313035393b636172745f6974656d737c613a303a7b7d6c616e67756167657c733a323a226964223b),
('ca6e4316c68333cd7b9506d2f506cca67a0066c1', '165.227.32.174', 1674281076, 0x5f5f63695f6c6173745f726567656e65726174657c693a313637343238313037363b636172745f6974656d737c613a303a7b7d6c616e67756167657c733a323a226964223b),
('1f82cdc0f6b7b189e410d3295bd390c7f7af637d', '165.227.32.174', 1674281095, 0x5f5f63695f6c6173745f726567656e65726174657c693a313637343238313039343b636172745f6974656d737c613a303a7b7d6c616e67756167657c733a323a226964223b),
('58aa4d60731dbc5c4eef4d683f271f2cf0410421', '165.227.32.174', 1674281123, 0x5f5f63695f6c6173745f726567656e65726174657c693a313637343238313132333b636172745f6974656d737c613a303a7b7d6c616e67756167657c733a323a226964223b),
('7e5f06be6bd390b4c2f7e6d359e618d5f95de964', '165.227.32.174', 1674281151, 0x5f5f63695f6c6173745f726567656e65726174657c693a313637343238313135313b636172745f6974656d737c613a303a7b7d6c616e67756167657c733a323a226964223b),
('517676be499feda9cfdc550eb7fc0c0e9c5601f2', '165.227.32.174', 1674281169, 0x5f5f63695f6c6173745f726567656e65726174657c693a313637343238313136393b636172745f6974656d737c613a303a7b7d6c616e67756167657c733a323a226964223b),
('5e59a4d57a43fe2df50b05b4048c3bb1de6dcf2f', '165.227.32.174', 1674281188, 0x5f5f63695f6c6173745f726567656e65726174657c693a313637343238313138383b636172745f6974656d737c613a303a7b7d6c616e67756167657c733a323a226964223b),
('b32c74f393eba74db508fbfd21458b541ccb303b', '165.227.32.174', 1674281206, 0x5f5f63695f6c6173745f726567656e65726174657c693a313637343238313230363b636172745f6974656d737c613a303a7b7d6c616e67756167657c733a323a226964223b),
('bc3fa6f55074aa06ee244dad578afc221fab0d3d', '165.227.32.174', 1674281224, 0x5f5f63695f6c6173745f726567656e65726174657c693a313637343238313232343b636172745f6974656d737c613a303a7b7d6c616e67756167657c733a323a226964223b),
('f653fdb79f1d8aeb44770375cb90d8e54f4e706b', '165.227.32.174', 1674281241, 0x5f5f63695f6c6173745f726567656e65726174657c693a313637343238313234313b636172745f6974656d737c613a303a7b7d6c616e67756167657c733a323a226964223b),
('a6fb3b4066ad6ef0795f60e390fd6119307d90a8', '165.227.32.174', 1674281258, 0x5f5f63695f6c6173745f726567656e65726174657c693a313637343238313235383b636172745f6974656d737c613a303a7b7d6c616e67756167657c733a323a226964223b),
('a4ad773ed9f2a5cc0af158b104fdf0daf233b373', '165.227.32.174', 1674281276, 0x5f5f63695f6c6173745f726567656e65726174657c693a313637343238313237363b636172745f6974656d737c613a303a7b7d6c616e67756167657c733a323a226964223b),
('56df3ce96517152bfa5fc94477b4465f930f943a', '165.227.32.174', 1674281294, 0x5f5f63695f6c6173745f726567656e65726174657c693a313637343238313239343b636172745f6974656d737c613a303a7b7d6c616e67756167657c733a323a226964223b),
('730c906633307ac99839c9df1ee19b5d058e0e35', '165.227.32.174', 1674281311, 0x5f5f63695f6c6173745f726567656e65726174657c693a313637343238313331313b636172745f6974656d737c613a303a7b7d6c616e67756167657c733a323a226964223b),
('12cdd6a0ea0d345a42af006544f881bd13225ef1', '165.227.32.174', 1674281329, 0x5f5f63695f6c6173745f726567656e65726174657c693a313637343238313332393b636172745f6974656d737c613a303a7b7d6c616e67756167657c733a323a226964223b),
('a7210e14f18e0ab766e7ed178df6dd33f2eb379b', '165.227.32.174', 1674281346, 0x5f5f63695f6c6173745f726567656e65726174657c693a313637343238313334363b636172745f6974656d737c613a303a7b7d6c616e67756167657c733a323a226964223b),
('b91fe63b7830b5f38c3f2e97028acd912bdb68e6', '165.227.32.174', 1674281363, 0x5f5f63695f6c6173745f726567656e65726174657c693a313637343238313336333b636172745f6974656d737c613a303a7b7d6c616e67756167657c733a323a226964223b),
('ff41eac90783ffc31a59b8268c47391d7daf2152', '165.227.32.174', 1674281380, 0x5f5f63695f6c6173745f726567656e65726174657c693a313637343238313338303b636172745f6974656d737c613a303a7b7d6c616e67756167657c733a323a226964223b),
('8f2150095afbd261933def5bad2b25abe5867093', '165.227.32.174', 1674281398, 0x5f5f63695f6c6173745f726567656e65726174657c693a313637343238313339383b636172745f6974656d737c613a303a7b7d6c616e67756167657c733a323a226964223b),
('b0d7ec393d6e825c9d43d734561d9e5c78fff473', '165.227.32.174', 1674281416, 0x5f5f63695f6c6173745f726567656e65726174657c693a313637343238313431363b636172745f6974656d737c613a303a7b7d6c616e67756167657c733a323a226964223b),
('b99bdf75551618cd18d61aa4d11db1ae4539d852', '165.227.32.174', 1674281433, 0x5f5f63695f6c6173745f726567656e65726174657c693a313637343238313433333b636172745f6974656d737c613a303a7b7d6c616e67756167657c733a323a226964223b),
('d8c8ff04abf3a9cfa8e146b9d6ea79c4a641b4da', '165.227.32.174', 1674281450, 0x5f5f63695f6c6173745f726567656e65726174657c693a313637343238313435303b636172745f6974656d737c613a303a7b7d6c616e67756167657c733a323a226964223b),
('00752c3269062063d9ef125fe308dfd923ea3a11', '165.227.32.174', 1674281467, 0x5f5f63695f6c6173745f726567656e65726174657c693a313637343238313436373b636172745f6974656d737c613a303a7b7d6c616e67756167657c733a323a226964223b),
('603e5d6fe1b4455c8e516e582ada0474f10b5a46', '165.227.32.174', 1674281485, 0x5f5f63695f6c6173745f726567656e65726174657c693a313637343238313438353b636172745f6974656d737c613a303a7b7d6c616e67756167657c733a323a226964223b),
('51740fa7a6532e3fae868838a38f76a8029a1854', '165.227.32.174', 1674281503, 0x5f5f63695f6c6173745f726567656e65726174657c693a313637343238313530333b636172745f6974656d737c613a303a7b7d6c616e67756167657c733a323a226964223b),
('69c99255f2a41d6d3d3f7540b0cfa08f8b003fe2', '165.227.32.174', 1674281521, 0x5f5f63695f6c6173745f726567656e65726174657c693a313637343238313532313b636172745f6974656d737c613a303a7b7d6c616e67756167657c733a323a226964223b),
('3199ccaea040d863c70943c3cb2520ae9c039719', '165.227.32.174', 1674281538, 0x5f5f63695f6c6173745f726567656e65726174657c693a313637343238313533383b636172745f6974656d737c613a303a7b7d6c616e67756167657c733a323a226964223b),
('ddd4323a734a51728861518bcea93f4564fa60d2', '165.227.32.174', 1674281555, 0x5f5f63695f6c6173745f726567656e65726174657c693a313637343238313535353b636172745f6974656d737c613a303a7b7d6c616e67756167657c733a323a226964223b),
('a1399c9047296a3c04267c326f6a3191609506ee', '165.227.32.174', 1674281572, 0x5f5f63695f6c6173745f726567656e65726174657c693a313637343238313537323b636172745f6974656d737c613a303a7b7d6c616e67756167657c733a323a226964223b),
('2d8182813be15366cf20681d4c80ebc2603a2ed5', '165.227.32.174', 1674281589, 0x5f5f63695f6c6173745f726567656e65726174657c693a313637343238313538393b636172745f6974656d737c613a303a7b7d6c616e67756167657c733a323a226964223b),
('e074bfa389e134b12ec1de1ff51faa55b18fdeb9', '165.227.32.174', 1674281605, 0x5f5f63695f6c6173745f726567656e65726174657c693a313637343238313630353b636172745f6974656d737c613a303a7b7d6c616e67756167657c733a323a226964223b),
('d95d8874b2f7bcef11e4fede2693a44f331e2ed4', '165.227.32.174', 1674281622, 0x5f5f63695f6c6173745f726567656e65726174657c693a313637343238313632323b636172745f6974656d737c613a303a7b7d6c616e67756167657c733a323a226964223b),
('0058eaf592d4f68ea319bd1c37a8dde24e26b8fe', '165.227.32.174', 1674281639, 0x5f5f63695f6c6173745f726567656e65726174657c693a313637343238313633393b636172745f6974656d737c613a303a7b7d6c616e67756167657c733a323a226964223b),
('a30fcf6cf339555d72f5bf0f3736e6b16720d91e', '165.227.32.174', 1674281656, 0x5f5f63695f6c6173745f726567656e65726174657c693a313637343238313635363b636172745f6974656d737c613a303a7b7d6c616e67756167657c733a323a226964223b),
('5457da401fac5edd4d8f1742386c0f3358318ca2', '165.227.32.174', 1674281673, 0x5f5f63695f6c6173745f726567656e65726174657c693a313637343238313637323b636172745f6974656d737c613a303a7b7d6c616e67756167657c733a323a226964223b),
('5a94b546373fc8f974e4a459a8f43b2eb6890236', '165.227.32.174', 1674281689, 0x5f5f63695f6c6173745f726567656e65726174657c693a313637343238313638393b636172745f6974656d737c613a303a7b7d6c616e67756167657c733a323a226964223b),
('a9dbaf63d3c6e81102c0886c8675b1d0706349bc', '165.227.32.174', 1674281706, 0x5f5f63695f6c6173745f726567656e65726174657c693a313637343238313730363b636172745f6974656d737c613a303a7b7d6c616e67756167657c733a323a226964223b),
('055c4ce9bbd489586249032699dca3db4cd0ac10', '165.227.32.174', 1674281723, 0x5f5f63695f6c6173745f726567656e65726174657c693a313637343238313732333b636172745f6974656d737c613a303a7b7d6c616e67756167657c733a323a226964223b),
('269b0475a3e84239defd1fe82b97374da3939c46', '165.227.32.174', 1674281740, 0x5f5f63695f6c6173745f726567656e65726174657c693a313637343238313734303b636172745f6974656d737c613a303a7b7d6c616e67756167657c733a323a226964223b),
('734d7b65432c9fe4a5f0a888decc6d6f829e9f86', '165.227.32.174', 1674281757, 0x5f5f63695f6c6173745f726567656e65726174657c693a313637343238313735373b636172745f6974656d737c613a303a7b7d6c616e67756167657c733a323a226964223b),
('383cc8d90fcd653daac588bdf35b6a5c2f217b54', '165.227.32.174', 1674281773, 0x5f5f63695f6c6173745f726567656e65726174657c693a313637343238313737333b636172745f6974656d737c613a303a7b7d6c616e67756167657c733a323a226964223b),
('97bfd89349edd130c568ca616dd4331765d59860', '165.227.32.174', 1674281789, 0x5f5f63695f6c6173745f726567656e65726174657c693a313637343238313738393b636172745f6974656d737c613a303a7b7d6c616e67756167657c733a323a226964223b),
('1d8f52745ba894b43c69177945975054f6d064ea', '165.227.32.174', 1674281808, 0x5f5f63695f6c6173745f726567656e65726174657c693a313637343238313830383b636172745f6974656d737c613a303a7b7d6c616e67756167657c733a323a226964223b),
('ed91a0983ae0941ac482524f9093b160093b2dbc', '165.227.32.174', 1674281824, 0x5f5f63695f6c6173745f726567656e65726174657c693a313637343238313832343b636172745f6974656d737c613a303a7b7d6c616e67756167657c733a323a226964223b),
('67d4ba04e537419a2b24fcb79670f534e1aaf94a', '165.227.32.174', 1674281840, 0x5f5f63695f6c6173745f726567656e65726174657c693a313637343238313834303b636172745f6974656d737c613a303a7b7d6c616e67756167657c733a323a226964223b),
('7f892a54c395c50fff8d29b1821a6e0e8957ff10', '165.227.32.174', 1674281855, 0x5f5f63695f6c6173745f726567656e65726174657c693a313637343238313835353b636172745f6974656d737c613a303a7b7d6c616e67756167657c733a323a226964223b),
('943d7bbc05a3b04e6974a4a04da5d8d537dd1add', '165.227.32.174', 1674281871, 0x5f5f63695f6c6173745f726567656e65726174657c693a313637343238313837313b636172745f6974656d737c613a303a7b7d6c616e67756167657c733a323a226964223b),
('9753c5aed5a429ead2cc447a7cab1d176941d868', '165.227.32.174', 1674281887, 0x5f5f63695f6c6173745f726567656e65726174657c693a313637343238313838363b636172745f6974656d737c613a303a7b7d6c616e67756167657c733a323a226964223b),
('ace0c841d6a90736401d02e676a46d19f219c335', '165.227.32.174', 1674281902, 0x5f5f63695f6c6173745f726567656e65726174657c693a313637343238313930323b636172745f6974656d737c613a303a7b7d6c616e67756167657c733a323a226964223b),
('ab1081331dcac222fde29a2dfd4d1bbb16fc546f', '165.227.32.174', 1674281919, 0x5f5f63695f6c6173745f726567656e65726174657c693a313637343238313931383b636172745f6974656d737c613a303a7b7d6c616e67756167657c733a323a226964223b),
('e3d82b2360f52064fba6ab2795f9a0622d051dd3', '165.227.32.174', 1674281935, 0x5f5f63695f6c6173745f726567656e65726174657c693a313637343238313933353b636172745f6974656d737c613a303a7b7d6c616e67756167657c733a323a226964223b),
('9ee0f150e020f4d5e269e046244051c9a42bc0d9', '165.227.32.174', 1674281950, 0x5f5f63695f6c6173745f726567656e65726174657c693a313637343238313935303b636172745f6974656d737c613a303a7b7d6c616e67756167657c733a323a226964223b),
('da562868377fedad184353a63139e5b27516da13', '165.227.32.174', 1674281968, 0x5f5f63695f6c6173745f726567656e65726174657c693a313637343238313936383b636172745f6974656d737c613a303a7b7d6c616e67756167657c733a323a226964223b),
('d883beff0cba528d0957bdda45d9be9258db860e', '165.227.32.174', 1674281984, 0x5f5f63695f6c6173745f726567656e65726174657c693a313637343238313938343b636172745f6974656d737c613a303a7b7d6c616e67756167657c733a323a226964223b),
('85d8f9683ff267777f25d5875046dd8bfaccf0fa', '165.227.32.174', 1674282000, 0x5f5f63695f6c6173745f726567656e65726174657c693a313637343238323030303b636172745f6974656d737c613a303a7b7d6c616e67756167657c733a323a226964223b),
('92d2a755c48ba899560d0b39764495ef5a907164', '165.227.32.174', 1674282016, 0x5f5f63695f6c6173745f726567656e65726174657c693a313637343238323031363b636172745f6974656d737c613a303a7b7d6c616e67756167657c733a323a226964223b),
('754288917424deb53507a728d37d3e206cda073e', '165.227.32.174', 1674282031, 0x5f5f63695f6c6173745f726567656e65726174657c693a313637343238323033313b636172745f6974656d737c613a303a7b7d6c616e67756167657c733a323a226964223b),
('9f44a26d03956428b2576b49c888e003b7fb3db0', '165.227.32.174', 1674282047, 0x5f5f63695f6c6173745f726567656e65726174657c693a313637343238323034363b636172745f6974656d737c613a303a7b7d6c616e67756167657c733a323a226964223b),
('e31e4fb27271ab0f5893fc6017d19b0c5ea3d438', '165.227.32.174', 1674282063, 0x5f5f63695f6c6173745f726567656e65726174657c693a313637343238323036333b636172745f6974656d737c613a303a7b7d6c616e67756167657c733a323a226964223b),
('9d0b37634acccabd9e87d4b9b4b865bda4976398', '165.227.32.174', 1674282077, 0x5f5f63695f6c6173745f726567656e65726174657c693a313637343238323037373b636172745f6974656d737c613a303a7b7d6c616e67756167657c733a323a226964223b),
('ceb11333eb7ab8a9b78c3e15db96d2f3b3af74e8', '165.227.32.174', 1674282091, 0x5f5f63695f6c6173745f726567656e65726174657c693a313637343238323039313b636172745f6974656d737c613a303a7b7d6c616e67756167657c733a323a226964223b),
('dc287a678635294c22b7ff71e3bdda7aa40a52f7', '165.227.32.174', 1674282106, 0x5f5f63695f6c6173745f726567656e65726174657c693a313637343238323130363b636172745f6974656d737c613a303a7b7d6c616e67756167657c733a323a226964223b),
('2cfe2dea33a22caad5cec9ae3ed810156eaaf385', '165.227.32.174', 1674282120, 0x5f5f63695f6c6173745f726567656e65726174657c693a313637343238323132303b636172745f6974656d737c613a303a7b7d6c616e67756167657c733a323a226964223b),
('7074d01c6e5b584414683bfc8b3a2921d8faa0f7', '165.227.32.174', 1674282138, 0x5f5f63695f6c6173745f726567656e65726174657c693a313637343238323133383b636172745f6974656d737c613a303a7b7d6c616e67756167657c733a323a226964223b),
('47317d2ccf1dab96f58f2d0d321823320b93b112', '165.227.32.174', 1674282154, 0x5f5f63695f6c6173745f726567656e65726174657c693a313637343238323135343b636172745f6974656d737c613a303a7b7d6c616e67756167657c733a323a226964223b),
('80931a08aa47d9b45e9face601d0349ce4d635bc', '165.227.32.174', 1674282169, 0x5f5f63695f6c6173745f726567656e65726174657c693a313637343238323136393b636172745f6974656d737c613a303a7b7d6c616e67756167657c733a323a226964223b),
('73c814d4d5a34dcf2a2762651c2a96af71f89f52', '165.227.32.174', 1674282184, 0x5f5f63695f6c6173745f726567656e65726174657c693a313637343238323138343b636172745f6974656d737c613a303a7b7d6c616e67756167657c733a323a226964223b),
('174bb7ef3675445479fd616dbc1b3745bc8fa485', '165.227.32.174', 1674282199, 0x5f5f63695f6c6173745f726567656e65726174657c693a313637343238323139393b636172745f6974656d737c613a303a7b7d6c616e67756167657c733a323a226964223b),
('f45265148376a14377e5774f15bc563a7a1d1b1f', '165.227.32.174', 1674282214, 0x5f5f63695f6c6173745f726567656e65726174657c693a313637343238323231343b636172745f6974656d737c613a303a7b7d6c616e67756167657c733a323a226964223b),
('119b7a169fd480860d0437e24bf75eba0afaa7cd', '165.227.32.174', 1674282229, 0x5f5f63695f6c6173745f726567656e65726174657c693a313637343238323232393b636172745f6974656d737c613a303a7b7d6c616e67756167657c733a323a226964223b),
('bdd0888d030c4388f59faccbbfaf0ac81c250f89', '165.227.32.174', 1674282244, 0x5f5f63695f6c6173745f726567656e65726174657c693a313637343238323234343b636172745f6974656d737c613a303a7b7d6c616e67756167657c733a323a226964223b),
('966f5ba25b03c6a392ffc31c6d7a532c1dd9daf1', '165.227.32.174', 1674282259, 0x5f5f63695f6c6173745f726567656e65726174657c693a313637343238323235393b636172745f6974656d737c613a303a7b7d6c616e67756167657c733a323a226964223b),
('b0abc18867abe53ed51cff6837527f32a5ccf2ea', '165.227.32.174', 1674282274, 0x5f5f63695f6c6173745f726567656e65726174657c693a313637343238323237343b636172745f6974656d737c613a303a7b7d6c616e67756167657c733a323a226964223b),
('70ea7b50e6098c8b0740fa194e5f5efa0f6e1482', '165.227.32.174', 1674282289, 0x5f5f63695f6c6173745f726567656e65726174657c693a313637343238323238393b636172745f6974656d737c613a303a7b7d6c616e67756167657c733a323a226964223b),
('a09d71357e004589495ced60d00038c5ba011f78', '165.227.32.174', 1674282304, 0x5f5f63695f6c6173745f726567656e65726174657c693a313637343238323330343b636172745f6974656d737c613a303a7b7d6c616e67756167657c733a323a226964223b),
('2320283f4c319b0e33250bf6a494f829f67ca70d', '165.227.32.174', 1674282319, 0x5f5f63695f6c6173745f726567656e65726174657c693a313637343238323331393b636172745f6974656d737c613a303a7b7d6c616e67756167657c733a323a226964223b),
('c23325303da1b11c47b671198cbf57380d56e406', '165.227.32.174', 1674282333, 0x5f5f63695f6c6173745f726567656e65726174657c693a313637343238323333333b636172745f6974656d737c613a303a7b7d6c616e67756167657c733a323a226964223b),
('ce027983ad76df50ddd1f021cbd04288be391ad1', '165.227.32.174', 1674282347, 0x5f5f63695f6c6173745f726567656e65726174657c693a313637343238323334373b636172745f6974656d737c613a303a7b7d6c616e67756167657c733a323a226964223b),
('3e8f880a5b2edeb0a262f860a351879ea4e12195', '165.227.32.174', 1674282363, 0x5f5f63695f6c6173745f726567656e65726174657c693a313637343238323336333b636172745f6974656d737c613a303a7b7d6c616e67756167657c733a323a226964223b),
('1c207c2414167164d1b2b93dc5312882ac6af77a', '165.227.32.174', 1674282377, 0x5f5f63695f6c6173745f726567656e65726174657c693a313637343238323337373b636172745f6974656d737c613a303a7b7d6c616e67756167657c733a323a226964223b),
('b2a56442a7bc1ac6c0e8fd09330bdeb6aa4f61a0', '165.227.32.174', 1674282392, 0x5f5f63695f6c6173745f726567656e65726174657c693a313637343238323339323b636172745f6974656d737c613a303a7b7d6c616e67756167657c733a323a226964223b),
('3098345989dff1ec13faa24cef9b1bef0c24bbfc', '165.227.32.174', 1674282407, 0x5f5f63695f6c6173745f726567656e65726174657c693a313637343238323430373b636172745f6974656d737c613a303a7b7d6c616e67756167657c733a323a226964223b),
('6773dbd02e25fd18d0c2daf8e693ba834ccbd26c', '165.227.32.174', 1674282422, 0x5f5f63695f6c6173745f726567656e65726174657c693a313637343238323432323b636172745f6974656d737c613a303a7b7d6c616e67756167657c733a323a226964223b),
('28f0262f5711dc5bd23f94ea80afd7b5b927c702', '165.227.32.174', 1674282437, 0x5f5f63695f6c6173745f726567656e65726174657c693a313637343238323433373b636172745f6974656d737c613a303a7b7d6c616e67756167657c733a323a226964223b),
('a201765a0c6ce0c6c9fed160f64010efe3b3e8f2', '165.227.32.174', 1674282451, 0x5f5f63695f6c6173745f726567656e65726174657c693a313637343238323435313b636172745f6974656d737c613a303a7b7d6c616e67756167657c733a323a226964223b),
('8c4829aeefcc80da8ab14f01ed2fae245b6e8307', '165.227.32.174', 1674282464, 0x5f5f63695f6c6173745f726567656e65726174657c693a313637343238323436343b636172745f6974656d737c613a303a7b7d6c616e67756167657c733a323a226964223b),
('dda9907bbda0bd904e182fbd20e5e00d6878432e', '165.227.32.174', 1674282479, 0x5f5f63695f6c6173745f726567656e65726174657c693a313637343238323437393b636172745f6974656d737c613a303a7b7d6c616e67756167657c733a323a226964223b),
('0b76eb19c436b9c2986bdd7ca49df3c7a4ea7a1b', '165.227.32.174', 1674282493, 0x5f5f63695f6c6173745f726567656e65726174657c693a313637343238323439333b636172745f6974656d737c613a303a7b7d6c616e67756167657c733a323a226964223b),
('c04c89a820258147a845e4b7870a395de91086b5', '165.227.32.174', 1674282508, 0x5f5f63695f6c6173745f726567656e65726174657c693a313637343238323530383b636172745f6974656d737c613a303a7b7d6c616e67756167657c733a323a226964223b),
('8cf0ef6dfd1a284273ba3c2d4d4a018328174ae8', '165.227.32.174', 1674282522, 0x5f5f63695f6c6173745f726567656e65726174657c693a313637343238323532323b636172745f6974656d737c613a303a7b7d6c616e67756167657c733a323a226964223b),
('80c7e494ce795612e4dfe2077e96dde9b122946e', '165.227.32.174', 1674282537, 0x5f5f63695f6c6173745f726567656e65726174657c693a313637343238323533373b636172745f6974656d737c613a303a7b7d6c616e67756167657c733a323a226964223b),
('c1122ccc2746fd8dc76ec7e72caddbd8533010f0', '165.227.32.174', 1674282552, 0x5f5f63695f6c6173745f726567656e65726174657c693a313637343238323535323b636172745f6974656d737c613a303a7b7d6c616e67756167657c733a323a226964223b),
('a1379bc3194a2d9a7d2d8357126573b7d776c190', '165.227.32.174', 1674282565, 0x5f5f63695f6c6173745f726567656e65726174657c693a313637343238323536353b636172745f6974656d737c613a303a7b7d6c616e67756167657c733a323a226964223b),
('eab2eece7e63ab9458d5e3d42ef53c172153ff7c', '165.227.32.174', 1674282582, 0x5f5f63695f6c6173745f726567656e65726174657c693a313637343238323538323b636172745f6974656d737c613a303a7b7d6c616e67756167657c733a323a226964223b),
('aeaa5bb1b7640aada9418d9cd5cbbdad94525d8a', '165.227.32.174', 1674282596, 0x5f5f63695f6c6173745f726567656e65726174657c693a313637343238323539363b636172745f6974656d737c613a303a7b7d6c616e67756167657c733a323a226964223b),
('cfa583a4af4a11a3292c830365c6c010d0ab492d', '165.227.32.174', 1674282611, 0x5f5f63695f6c6173745f726567656e65726174657c693a313637343238323631313b636172745f6974656d737c613a303a7b7d6c616e67756167657c733a323a226964223b),
('a3b37123e728dd9ef9dc1a8ea83eea2e27b77c2e', '165.227.32.174', 1674282625, 0x5f5f63695f6c6173745f726567656e65726174657c693a313637343238323632353b636172745f6974656d737c613a303a7b7d6c616e67756167657c733a323a226964223b),
('899af0e196c0c59688bd7b02ea559b2687b2b88a', '165.227.32.174', 1674282639, 0x5f5f63695f6c6173745f726567656e65726174657c693a313637343238323633393b636172745f6974656d737c613a303a7b7d6c616e67756167657c733a323a226964223b),
('c6790d4c7b6ff069e6f6fa99271c95b8de189ee2', '165.227.32.174', 1674282654, 0x5f5f63695f6c6173745f726567656e65726174657c693a313637343238323635343b636172745f6974656d737c613a303a7b7d6c616e67756167657c733a323a226964223b),
('b88bbb08e45bf14f7af794b8e96dee6c016a34dc', '165.227.32.174', 1674282669, 0x5f5f63695f6c6173745f726567656e65726174657c693a313637343238323636393b636172745f6974656d737c613a303a7b7d6c616e67756167657c733a323a226964223b),
('a551add6c1baa4676c46ac94c7b07148999f8c85', '165.227.32.174', 1674282683, 0x5f5f63695f6c6173745f726567656e65726174657c693a313637343238323638333b636172745f6974656d737c613a303a7b7d6c616e67756167657c733a323a226964223b),
('c7bf164915cbb34cbaf3b0b23bb2414e997e8f05', '2a02:4780:8:6::21', 1674294451, 0x5f5f63695f6c6173745f726567656e65726174657c693a313637343239343435303b636172745f6974656d737c613a303a7b7d6c616e67756167657c733a323a226964223b),
('c24ccc186e2440aff891844b855652fe29e7532a', '36.78.246.43', 1674319593, 0x5f5f63695f6c6173745f726567656e65726174657c693a313637343331393539333b636172745f6974656d737c613a303a7b7d6c616e67756167657c733a323a226964223b),
('5ac8e9f0a8f435be32f784fb2391b9657c6e2608', '36.78.246.43', 1674378006, 0x5f5f63695f6c6173745f726567656e65726174657c693a313637343337383030363b636172745f6974656d737c613a303a7b7d6c616e67756167657c733a323a226964223b),
('126281590bfb61bb295b5448f14fcf9c11f48eab', '36.78.246.43', 1674378006, 0x5f5f63695f6c6173745f726567656e65726174657c693a313637343337383030363b636172745f6974656d737c613a303a7b7d6c616e67756167657c733a323a226964223b),
('10c481a671c38d407c91ba6fa91ee8cebe98384f', '2a02:4780:8:6::21', 1674380850, 0x5f5f63695f6c6173745f726567656e65726174657c693a313637343338303834393b636172745f6974656d737c613a303a7b7d6c616e67756167657c733a323a226964223b),
('74f4bad924bbd5628441bf08eef0a43859f479a8', '66.42.58.179', 1674455469, 0x5f5f63695f6c6173745f726567656e65726174657c693a313637343435353436393b636172745f6974656d737c613a303a7b7d6c616e67756167657c733a323a226964223b),
('3730a54e10814be02a5caac644e0e258a6553cb7', '66.42.58.179', 1674455474, 0x5f5f63695f6c6173745f726567656e65726174657c693a313637343435353437333b636172745f6974656d737c613a303a7b7d6c616e67756167657c733a323a226964223b),
('262b41281faea8015b1565e15caadc5f72d5560b', '66.42.58.179', 1674455478, 0x5f5f63695f6c6173745f726567656e65726174657c693a313637343435353437383b636172745f6974656d737c613a303a7b7d6c616e67756167657c733a323a226964223b),
('035c5920f7ec17337eee301ab1675e0577f91fb4', '36.78.246.43', 1674462406, 0x5f5f63695f6c6173745f726567656e65726174657c693a313637343436323430363b636172745f6974656d737c613a303a7b7d6c616e67756167657c733a323a226964223b),
('eaa6a413630c1426538f0aa6d9b90e06ea3047af', '2a02:4780:8:6::21', 1674467249, 0x5f5f63695f6c6173745f726567656e65726174657c693a313637343436373234393b636172745f6974656d737c613a303a7b7d6c616e67756167657c733a323a226964223b),
('75025bf42d075526390e1b680db13f19882d157c', '36.78.246.43', 1674492140, 0x5f5f63695f6c6173745f726567656e65726174657c693a313637343439323133393b636172745f6974656d737c613a303a7b7d6c616e67756167657c733a323a226964223b),
('e588cbde704ddf26a298684ffca40b0e1b661bcc', '195.211.77.140', 1674520722, 0x5f5f63695f6c6173745f726567656e65726174657c693a313637343532303732303b636172745f6974656d737c613a303a7b7d6c616e67756167657c733a323a226964223b),
('e915d2f19a56c39ac539b2ffca9bd07f149af0db', '15.204.173.67', 1674520722, 0x5f5f63695f6c6173745f726567656e65726174657c693a313637343532303732303b636172745f6974656d737c613a303a7b7d6c616e67756167657c733a323a226964223b),
('5edf37a2b1587f66d1730b8e5df5f68446f44fb5', '178.62.221.40', 1674520727, 0x5f5f63695f6c6173745f726567656e65726174657c693a313637343532303732363b636172745f6974656d737c613a303a7b7d6c616e67756167657c733a323a226964223b),
('bdb8aa43255a138994ebf2ecfa74dcb7d100385d', '2400:8901::f03c:93ff:fe76:1123', 1674520727, 0x5f5f63695f6c6173745f726567656e65726174657c693a313637343532303732373b636172745f6974656d737c613a303a7b7d6c616e67756167657c733a323a226964223b),
('58fe145d5331acd1c999726ddba4a580739c562d', '178.62.221.40', 1674520728, 0x5f5f63695f6c6173745f726567656e65726174657c693a313637343532303732383b636172745f6974656d737c613a303a7b7d6c616e67756167657c733a323a226964223b),
('f2a166c218c8599086483297bc53c751d854dd7f', '178.62.221.40', 1674520728, 0x5f5f63695f6c6173745f726567656e65726174657c693a313637343532303732383b636172745f6974656d737c613a303a7b7d6c616e67756167657c733a323a226964223b);
INSERT INTO `ci_sessions` (`id`, `ip_address`, `timestamp`, `data`) VALUES
('2209add5a5fcc5d16103607ab19f2bf9c61f8fc0', '178.62.221.40', 1674520728, 0x5f5f63695f6c6173745f726567656e65726174657c693a313637343532303732383b636172745f6974656d737c613a303a7b7d6c616e67756167657c733a323a226964223b),
('5068ffbbb0bbdf6ec75c600c8622bff239140147', '178.62.221.40', 1674520728, 0x5f5f63695f6c6173745f726567656e65726174657c693a313637343532303732383b636172745f6974656d737c613a303a7b7d6c616e67756167657c733a323a226964223b),
('e81ea714f91bcc1a41500a3e69974e3de183487f', '178.62.221.40', 1674520728, 0x5f5f63695f6c6173745f726567656e65726174657c693a313637343532303732383b636172745f6974656d737c613a303a7b7d6c616e67756167657c733a323a226964223b),
('527685e84c2ce9142480f2b1ed3dda1dc2ea4044', '178.62.221.40', 1674520728, 0x5f5f63695f6c6173745f726567656e65726174657c693a313637343532303732383b636172745f6974656d737c613a303a7b7d6c616e67756167657c733a323a226964223b),
('521fd31c149ae017fe2fe018ac133c65239a50a3', '178.62.221.40', 1674520728, 0x5f5f63695f6c6173745f726567656e65726174657c693a313637343532303732383b636172745f6974656d737c613a303a7b7d6c616e67756167657c733a323a226964223b),
('a34a5ed2057cd68c2291f8dd168d5618cb767104', '178.62.221.40', 1674520728, 0x5f5f63695f6c6173745f726567656e65726174657c693a313637343532303732383b636172745f6974656d737c613a303a7b7d6c616e67756167657c733a323a226964223b),
('f91ee3b0296399ef2201cb3571c0ebbc6981a195', '178.62.221.40', 1674520728, 0x5f5f63695f6c6173745f726567656e65726174657c693a313637343532303732383b636172745f6974656d737c613a303a7b7d6c616e67756167657c733a323a226964223b),
('f12ff96f96511b93c7ffbebab712165fba12d2ee', '178.62.221.40', 1674520728, 0x5f5f63695f6c6173745f726567656e65726174657c693a313637343532303732383b636172745f6974656d737c613a303a7b7d6c616e67756167657c733a323a226964223b),
('744c45a1effeea33fd5a60ecd62e5e1df03f9565', '178.62.221.40', 1674520728, 0x5f5f63695f6c6173745f726567656e65726174657c693a313637343532303732383b636172745f6974656d737c613a303a7b7d6c616e67756167657c733a323a226964223b),
('42f95cfe0e8caf1f89dc40347991f06663ffa6e5', '178.62.221.40', 1674520728, 0x5f5f63695f6c6173745f726567656e65726174657c693a313637343532303732383b636172745f6974656d737c613a303a7b7d6c616e67756167657c733a323a226964223b),
('a763c1db34223aeeac21ce1596a39b83dfce15de', '178.62.221.40', 1674520728, 0x5f5f63695f6c6173745f726567656e65726174657c693a313637343532303732383b636172745f6974656d737c613a303a7b7d6c616e67756167657c733a323a226964223b),
('a30d4b17be42dd3fda0e3e288694c239e1836155', '178.62.221.40', 1674520728, 0x5f5f63695f6c6173745f726567656e65726174657c693a313637343532303732383b636172745f6974656d737c613a303a7b7d6c616e67756167657c733a323a226964223b),
('64d270318f6625e168872a6c78ea2b71962dd866', '178.62.221.40', 1674520729, 0x5f5f63695f6c6173745f726567656e65726174657c693a313637343532303732393b),
('965f4b9a1f79189f72e42bfe040b6b80538eefe6', '179.43.169.181', 1674520832, 0x5f5f63695f6c6173745f726567656e65726174657c693a313637343532303833323b636172745f6974656d737c613a303a7b7d6c616e67756167657c733a323a226964223b),
('041df8e0e292b0e5c352c7c4fcf04a00e0c4164c', '179.43.169.181', 1674520920, 0x5f5f63695f6c6173745f726567656e65726174657c693a313637343532303932303b636172745f6974656d737c613a303a7b7d6c616e67756167657c733a323a226964223b),
('d4764a6d918a8939d7c5ed28af17c7d37db8efc6', '205.169.39.63', 1674520954, 0x5f5f63695f6c6173745f726567656e65726174657c693a313637343532303935343b636172745f6974656d737c613a303a7b7d6c616e67756167657c733a323a226964223b),
('e3587ddab78849dc51d319d2e9cbfdf0bb5f5ee1', '179.43.169.181', 1674520986, 0x5f5f63695f6c6173745f726567656e65726174657c693a313637343532303938363b636172745f6974656d737c613a303a7b7d6c616e67756167657c733a323a226964223b),
('1f34136e491f054cefe709a376588c67c310ff17', '93.119.227.91', 1674524921, 0x5f5f63695f6c6173745f726567656e65726174657c693a313637343532343932303b636172745f6974656d737c613a303a7b7d6c616e67756167657c733a323a226964223b),
('89f3c37b8c94773d8b3390f9ff3c0ce8bb10cc1a', '167.71.200.19', 1674525439, 0x5f5f63695f6c6173745f726567656e65726174657c693a313637343532353433393b636172745f6974656d737c613a303a7b7d6c616e67756167657c733a323a226964223b),
('4b24492122a34e7f27b4fb3cc9c7a54e1efe2622', '167.71.200.19', 1674525440, 0x5f5f63695f6c6173745f726567656e65726174657c693a313637343532353434303b636172745f6974656d737c613a303a7b7d6c616e67756167657c733a323a226964223b),
('1affc6e8a92e881116401a932f5cd7116859d3e8', '167.71.200.19', 1674525441, 0x5f5f63695f6c6173745f726567656e65726174657c693a313637343532353434313b636172745f6974656d737c613a303a7b7d6c616e67756167657c733a323a226964223b),
('ee6d3c3acae50dc2debcf9adb29776303652d2f2', '18.204.233.163', 1674526358, 0x5f5f63695f6c6173745f726567656e65726174657c693a313637343532363335383b636172745f6974656d737c613a303a7b7d6c616e67756167657c733a323a226964223b),
('7e62bfec48a2a6250fc4fb570809963e8100631c', '44.195.244.245', 1674528914, 0x5f5f63695f6c6173745f726567656e65726174657c693a313637343532383931343b636172745f6974656d737c613a303a7b7d6c616e67756167657c733a323a226964223b),
('0ee629b98dc23af4a9e37205e168b0469cab8da4', '18.204.233.163', 1674530685, 0x5f5f63695f6c6173745f726567656e65726174657c693a313637343533303638343b636172745f6974656d737c613a303a7b7d6c616e67756167657c733a323a226964223b),
('a207940d23d27693b0d06a8a004b42f815ffc726', '54.78.51.175', 1674531279, 0x5f5f63695f6c6173745f726567656e65726174657c693a313637343533313237383b636172745f6974656d737c613a303a7b7d6c616e67756167657c733a323a226964223b),
('de6b5795621aa597357db8c1a3394cf79a0dc459', '18.204.233.163', 1674533193, 0x5f5f63695f6c6173745f726567656e65726174657c693a313637343533333139333b636172745f6974656d737c613a303a7b7d6c616e67756167657c733a323a226964223b),
('bbb9dc39cee63cc86b79b0df3d92d6bc568b8542', '18.204.233.163', 1674535231, 0x5f5f63695f6c6173745f726567656e65726174657c693a313637343533353233303b636172745f6974656d737c613a303a7b7d6c616e67756167657c733a323a226964223b),
('ca54a383e2e8dc734387f97fdc98af8531a9c4ff', '18.204.233.163', 1674538141, 0x5f5f63695f6c6173745f726567656e65726174657c693a313637343533383134303b636172745f6974656d737c613a303a7b7d6c616e67756167657c733a323a226964223b),
('f81c45d2597b26a8f9e2c59e7a49888521de92f0', '156.146.63.139', 1674538745, 0x5f5f63695f6c6173745f726567656e65726174657c693a313637343533383734353b636172745f6974656d737c613a303a7b7d6c616e67756167657c733a323a226964223b),
('2bc674c12df820dacd52c3193abea4564a3630c9', '5.62.61.39', 1674538745, 0x5f5f63695f6c6173745f726567656e65726174657c693a313637343533383734353b636172745f6974656d737c613a303a7b7d6c616e67756167657c733a323a226964223b),
('f2e5f7de53597d07d97657fd84ae0250c705ce0e', '192.200.158.222', 1674538747, 0x5f5f63695f6c6173745f726567656e65726174657c693a313637343533383734373b636172745f6974656d737c613a303a7b7d6c616e67756167657c733a323a226964223b),
('5e3dfdf66ed2ad96b95d92ba924ae7d24342f880', '2602:fc05::17', 1674538747, 0x5f5f63695f6c6173745f726567656e65726174657c693a313637343533383734373b636172745f6974656d737c613a303a7b7d6c616e67756167657c733a323a226964223b),
('67fc50d273290e25bd46a52c2b81d119dd6d8949', '23.137.251.61', 1674538747, 0x5f5f63695f6c6173745f726567656e65726174657c693a313637343533383734373b636172745f6974656d737c613a303a7b7d6c616e67756167657c733a323a226964223b),
('f8e4c52da91189f39b8b6ba4523a76bf03bbf3ce', '44.195.244.245', 1674540563, 0x5f5f63695f6c6173745f726567656e65726174657c693a313637343534303536323b636172745f6974656d737c613a303a7b7d6c616e67756167657c733a323a226964223b),
('c2a5dde31d02abe05512f78ecb5c4f0353c5af45', '18.204.233.163', 1674542736, 0x5f5f63695f6c6173745f726567656e65726174657c693a313637343534323733353b636172745f6974656d737c613a303a7b7d6c616e67756167657c733a323a226964223b),
('8cf4a12c3f7d26f6e82f4f8e68ce8a504017ade1', '34.126.83.65', 1674544034, 0x5f5f63695f6c6173745f726567656e65726174657c693a313637343534343033333b636172745f6974656d737c613a303a7b7d6c616e67756167657c733a323a226964223b),
('d7f38eeb4f4b1dc82a77c405686aefb2aa114ed0', '18.204.233.163', 1674545033, 0x5f5f63695f6c6173745f726567656e65726174657c693a313637343534353033323b636172745f6974656d737c613a303a7b7d6c616e67756167657c733a323a226964223b),
('b0e7a7a0ccef7d81de7c5701d065782b61ae61ee', '45.135.16.100', 1674547004, 0x5f5f63695f6c6173745f726567656e65726174657c693a313637343534373030343b636172745f6974656d737c613a303a7b7d6c616e67756167657c733a323a226964223b),
('28b5b6bf2bf4b3f8777ca475be250165c46a4fe0', '18.204.233.163', 1674547804, 0x5f5f63695f6c6173745f726567656e65726174657c693a313637343534373830333b636172745f6974656d737c613a303a7b7d6c616e67756167657c733a323a226964223b),
('9756cb9dd044f41d9aae9fc54c7d382430a6a807', '44.195.244.245', 1674550486, 0x5f5f63695f6c6173745f726567656e65726174657c693a313637343535303438363b636172745f6974656d737c613a303a7b7d6c616e67756167657c733a323a226964223b),
('aec90e2a32087da14252d3c00a10ab66289300b8', '18.204.233.163', 1674552237, 0x5f5f63695f6c6173745f726567656e65726174657c693a313637343535323233373b636172745f6974656d737c613a303a7b7d6c616e67756167657c733a323a226964223b),
('9ad82c7ab0d260729bd68cd63dad0357c5d4b11e', '2a02:4780:8:6::21', 1674553649, 0x5f5f63695f6c6173745f726567656e65726174657c693a313637343535333634393b636172745f6974656d737c613a303a7b7d6c616e67756167657c733a323a226964223b),
('db56b5f0dae01ae523c515bf36fbe9053db2ba46', '36.78.184.165', 1674555551, 0x5f5f63695f6c6173745f726567656e65726174657c693a313637343535353535313b636172745f6974656d737c613a303a7b7d6c616e67756167657c733a323a226964223b),
('9eee00f25a4c033a215eb29c96b78c352685d0df', '43.153.113.232', 1674617888, 0x5f5f63695f6c6173745f726567656e65726174657c693a313637343631373838383b636172745f6974656d737c613a303a7b7d6c616e67756167657c733a323a226964223b),
('90f4c46f256a2b154da34f72e77a2a32fac7ce5b', '180.252.23.188', 1674618409, 0x5f5f63695f6c6173745f726567656e65726174657c693a313637343631383335343b636172745f6974656d737c613a303a7b7d6c616e67756167657c733a323a226964223b757365725f69647c733a313a2234223b726f6c655f69647c733a313a2231223b726f6c657c733a353a2241646d696e223b6e616d657c733a393a2241646d696e20424c4b223b69735f696e7374727563746f727c733a313a2231223b61646d696e5f6c6f67696e7c733a313a2231223b),
('28c57907c03a3fca09b66da0f6c8d03ff55e3163', '69.4.87.74', 1674621164, 0x5f5f63695f6c6173745f726567656e65726174657c693a313637343632313136343b636172745f6974656d737c613a303a7b7d6c616e67756167657c733a323a226964223b),
('4ff23b5009ed1aedb30e8d49f3cf1e80a27c8062', '47.251.13.32', 1674622274, 0x5f5f63695f6c6173745f726567656e65726174657c693a313637343632323237343b636172745f6974656d737c613a303a7b7d6c616e67756167657c733a323a226964223b),
('8f845f4579cf23412de3a8f346d2255101d1f118', '47.89.193.239', 1674622276, 0x5f5f63695f6c6173745f726567656e65726174657c693a313637343632323237363b636172745f6974656d737c613a303a7b7d6c616e67756167657c733a323a226964223b),
('7eb1b5b933707d2de205a3661da06ccdd485536a', '47.89.193.162', 1674622278, 0x5f5f63695f6c6173745f726567656e65726174657c693a313637343632323237383b636172745f6974656d737c613a303a7b7d6c616e67756167657c733a323a226964223b),
('a4a966e26e8d93401cde0f112717b5f9f1b7b302', '89.104.111.157', 1674631410, 0x5f5f63695f6c6173745f726567656e65726174657c693a313637343633313430393b636172745f6974656d737c613a303a7b7d6c616e67756167657c733a323a226964223b),
('8211da1c2fb1897ca7112f71ac76b5db17750a0b', '2a02:4780:8:6::21', 1674640050, 0x5f5f63695f6c6173745f726567656e65726174657c693a313637343634303035303b636172745f6974656d737c613a303a7b7d6c616e67756167657c733a323a226964223b),
('3af30d661c9036f28578d5acd73fee46c02a9a3a', '87.236.176.241', 1674670400, 0x5f5f63695f6c6173745f726567656e65726174657c693a313637343637303339393b636172745f6974656d737c613a303a7b7d6c616e67756167657c733a323a226964223b),
('fc8ca2311f14423dda3456df790f508f2570cc42', '13.40.2.237', 1674687711, 0x5f5f63695f6c6173745f726567656e65726174657c693a313637343638373731313b636172745f6974656d737c613a303a7b7d6c616e67756167657c733a323a226964223b),
('6fca065772424253b8541b2f943feb197a4b7927', '13.40.2.237', 1674687711, 0x5f5f63695f6c6173745f726567656e65726174657c693a313637343638373731313b636172745f6974656d737c613a303a7b7d6c616e67756167657c733a323a226964223b),
('85a48908a81c8a04de3b7731da85ced0bbb03e72', '13.40.2.237', 1674687711, 0x5f5f63695f6c6173745f726567656e65726174657c693a313637343638373731313b636172745f6974656d737c613a303a7b7d6c616e67756167657c733a323a226964223b),
('15f7a38452747d7da000e7fa534d3baee4db65dd', '13.40.2.237', 1674687711, 0x5f5f63695f6c6173745f726567656e65726174657c693a313637343638373731313b636172745f6974656d737c613a303a7b7d6c616e67756167657c733a323a226964223b),
('fa51f82dd72e4ecd7b27c43c23964a29be40d8d1', '202.138.252.63', 1674700013, 0x5f5f63695f6c6173745f726567656e65726174657c693a313637343730303031333b636172745f6974656d737c613a303a7b7d6c616e67756167657c733a323a226964223b);

-- --------------------------------------------------------

--
-- Struktur dari tabel `comment`
--

CREATE TABLE `comment` (
  `id` int(11) UNSIGNED NOT NULL,
  `body` longtext COLLATE utf8_unicode_ci DEFAULT NULL,
  `user_id` int(11) DEFAULT NULL,
  `commentable_id` int(11) DEFAULT NULL,
  `commentable_type` varchar(50) COLLATE utf8_unicode_ci DEFAULT NULL,
  `date_added` int(11) DEFAULT NULL,
  `last_modified` int(11) DEFAULT NULL
) ENGINE=InnoDB DEFAULT CHARSET=utf8 COLLATE=utf8_unicode_ci;

-- --------------------------------------------------------

--
-- Struktur dari tabel `coupons`
--

CREATE TABLE `coupons` (
  `id` bigint(20) UNSIGNED NOT NULL,
  `code` varchar(255) COLLATE utf8_unicode_ci DEFAULT NULL,
  `discount_percentage` varchar(255) COLLATE utf8_unicode_ci DEFAULT NULL,
  `created_at` int(11) DEFAULT NULL,
  `expiry_date` int(11) DEFAULT NULL
) ENGINE=InnoDB DEFAULT CHARSET=utf8 COLLATE=utf8_unicode_ci;

--
-- Dumping data untuk tabel `coupons`
--

INSERT INTO `coupons` (`id`, `code`, `discount_percentage`, `created_at`, `expiry_date`) VALUES
(1, 'LS4VN6O', '99', 1668124800, 1668124800);

-- --------------------------------------------------------

--
-- Struktur dari tabel `course`
--

CREATE TABLE `course` (
  `id` int(11) UNSIGNED NOT NULL,
  `title` varchar(255) COLLATE utf8_unicode_ci DEFAULT NULL,
  `short_description` longtext COLLATE utf8_unicode_ci DEFAULT NULL,
  `description` longtext COLLATE utf8_unicode_ci DEFAULT NULL,
  `outcomes` longtext COLLATE utf8_unicode_ci DEFAULT NULL,
  `language` varchar(255) COLLATE utf8_unicode_ci DEFAULT NULL,
  `category_id` int(11) DEFAULT NULL,
  `sub_category_id` int(11) DEFAULT NULL,
  `section` longtext COLLATE utf8_unicode_ci DEFAULT NULL,
  `requirements` longtext COLLATE utf8_unicode_ci DEFAULT NULL,
  `price` double DEFAULT NULL,
  `discount_flag` int(11) DEFAULT 0,
  `discounted_price` int(11) DEFAULT NULL,
  `level` varchar(50) COLLATE utf8_unicode_ci DEFAULT NULL,
  `user_id` varchar(255) COLLATE utf8_unicode_ci DEFAULT NULL,
  `thumbnail` varchar(255) COLLATE utf8_unicode_ci DEFAULT NULL,
  `video_url` varchar(255) COLLATE utf8_unicode_ci DEFAULT NULL,
  `date_added` int(11) DEFAULT NULL,
  `last_modified` int(11) DEFAULT NULL,
  `course_type` varchar(255) COLLATE utf8_unicode_ci DEFAULT NULL,
  `is_top_course` int(11) DEFAULT 0,
  `is_admin` int(11) DEFAULT NULL,
  `status` varchar(255) COLLATE utf8_unicode_ci DEFAULT NULL,
  `track` varchar(255) COLLATE utf8_unicode_ci DEFAULT NULL,
  `course_overview_provider` varchar(255) COLLATE utf8_unicode_ci DEFAULT NULL,
  `meta_keywords` longtext COLLATE utf8_unicode_ci DEFAULT NULL,
  `meta_description` longtext COLLATE utf8_unicode_ci DEFAULT NULL,
  `is_free_course` int(11) DEFAULT NULL,
  `multi_instructor` int(11) NOT NULL DEFAULT 0,
  `enable_drip_content` int(11) NOT NULL,
  `creator` int(11) DEFAULT NULL,
  `pretest` varchar(255) COLLATE utf8_unicode_ci DEFAULT NULL,
  `hasiltest` varchar(255) COLLATE utf8_unicode_ci DEFAULT NULL
) ENGINE=InnoDB DEFAULT CHARSET=utf8 COLLATE=utf8_unicode_ci;

--
-- Dumping data untuk tabel `course`
--

INSERT INTO `course` (`id`, `title`, `short_description`, `description`, `outcomes`, `language`, `category_id`, `sub_category_id`, `section`, `requirements`, `price`, `discount_flag`, `discounted_price`, `level`, `user_id`, `thumbnail`, `video_url`, `date_added`, `last_modified`, `course_type`, `is_top_course`, `is_admin`, `status`, `track`, `course_overview_provider`, `meta_keywords`, `meta_description`, `is_free_course`, `multi_instructor`, `enable_drip_content`, `creator`, `pretest`, `hasiltest`) VALUES
(17, 'Menjahit Pakaian Wanita Dewasa', '', '<p><span xss=removed>Setelah mengikuti pelatihan ini peserta kompeten dalam menjahit pakaian wanita dewasa sesuai dengan standar</span><br></p>', '[\"260 JP\"]', 'id', 43, 40, '[127,128,129,130,131,132,133,134,135,136,147,148]', '[\"Fotocopy KTP\"]', 0, NULL, 0, 'beginner', '4,11,12', NULL, '', 1669939200, 1670112000, 'general', 1, 0, 'active', NULL, '', '', '', 1, 1, 0, 4, NULL, NULL),
(19, 'Pengoperasian Mesin Bubut', '', '<p class=\"ql-align-justify\" xss=removed>Setelah mengikuti pelatihan ini peserta kompeten</p><p class=\"ql-align-justify\" xss=removed>Membuat produk-produk manufaktur yang berkualitas, menggunakan mesin bubut, gerinda pahat dan alat potong, alat bantu/perkakas tangan, acuan gambar teknik, alat ukur yang benar, sesuai prosedur danlangkah kerja dan mengutamakan keselamatan kerja baik diri-sendiri, alat maupun lingkungannya</p><p xss=removed><br xss=removed></p>', '[\"260 JP\"]', 'id', 44, 37, '[149,150,151,152,153,154,155,156,157]', '[\"Fotocopy KTP\"]', 0, NULL, 0, 'beginner', '4,9,10,16', NULL, '', 1670112000, 1670457600, 'general', 1, 0, 'active', NULL, '', '', '', 1, 1, 0, 4, NULL, NULL),
(20, 'Dafter CAD Mekanikal', '', '<p><span xss=removed>Setelah mengikuti pelatihan ini peserta kompeten membuat gambar teknik dengan menggunakan CAD (Computer Aided Drawing) yang meliputi persiapan piranti sistim CAD, pembuatan gambar-gambar 2D dan 3D, penyimpanan file serta pemanfaatan hasil gambar sesuai dengan tuntutan pekerjaan</span><br></p>', '[\"260 JP\"]', 'id', 44, 38, '[158,159,160,161,162,163,164,165,166]', '[\"Fotocopy KTP\"]', 0, NULL, 0, 'beginner', '4,9,10,16', NULL, '', 1670112000, 1670112000, 'general', 1, 0, 'active', NULL, '', '', '', 1, 1, 0, 4, NULL, NULL),
(21, 'Practical Office Advance', '', '<p><span xss=removed>Setelah mengikuti pelatihan ini peserta kompeten dalammengoperasikan aplikasi Office Tingkat Dasar dan Tingkat Lanjut sesuai standar yang berlaku.</span><br></p>', '[\"260 JP\"]', 'id', 45, 46, '[167,168,169,170,171,172,173,174]', '[\"Fotocopy KTP\"]', 0, NULL, 0, 'beginner', '4,7,8', NULL, '', 1670112000, 1670112000, 'general', 1, 0, 'active', NULL, '', '', '', 1, 1, 0, 4, NULL, NULL),
(22, 'Junior Desain Grafis', '', '<p><span xss=removed>Setelah mengikuti pelatihan ini peserta kompeten dalam membuat karya desain dan menggunakan aplikasi desain dengan menerapkan prinsip dasar desain</span><br></p>', '[\"260 JP\"]', 'id', 45, 47, '[175,176,177,178,179,180,181,182]', '[\"Fotocopy KTP\"]', 0, NULL, 0, 'beginner', '4,7,8', NULL, '', 1670112000, 1670112000, 'general', 1, 0, 'active', NULL, '', '', '', 1, 1, 0, 4, NULL, NULL),
(23, 'Animator Muda', '', '<p><span xss=removed>Pelatihan ini berisikan materi untuk membuat pergerakan objek digital, membuat model digital hardsurface 3 dimensi, membuat pencitraan gambar digital (rendering), membuat komposisi teknik layer 2 dimensi (Post 2D compositing), membuat pencitraan cahaya digital, membuat pencitraan sifat permukaan (shading), membuat sudut pandang kamera 3D, membuat penyusunan artistik aset visual teknik layer 3 dimensi (Post 3D compositing), melakukan penyuntingan gambar akhir (online editing) dan membuat gambar penceritaan animasi</span><br></p>', '[\"280 JP\"]', 'id', 45, 48, '[183,184,185,186,187,188,189,190,191,192,193,194]', '[\"Fotocopy KTP\"]', 0, NULL, 0, 'beginner', '4,7,8', NULL, '', 1670112000, 1670112000, 'general', 1, 0, 'active', NULL, '', '', '', 1, 1, 0, 4, NULL, NULL),
(24, 'Asisten Pembuat Pakaian', '', '<p><span xss=removed>Setelah mengikuti pelatihan ini peserta mampu menjahit dengan alat jahit tangan, menjahit dengan mesin I, melakukan penyetrikaan, memelihara alat jahit dan menerapkan prosedur K3</span><br></p>', '[\"220 JP\"]', 'id', 43, 42, '[195,196,197,198,199,200]', '[\"Fotocopy KTP\"]', 0, NULL, 0, 'beginner', '4,11,12', NULL, '', 1670112000, 1670112000, 'general', 1, 0, 'active', NULL, '', '', '', 1, 1, 0, 4, NULL, NULL),
(25, 'Operator Garment', '', '<p><span xss=removed>Pelatihan Operator Garmen ini berdurasi 180 JP untuk mencetak tenaga operator di bidang garmen</span><br></p>', '[\"180 JP\"]', 'id', 43, 41, '[201,202,203,204,205,206]', '[\"Fotocopy KTP\"]', 0, NULL, 0, 'beginner', '4,11,12', NULL, '', 1670112000, 1670112000, 'general', 1, 0, 'active', NULL, '', '', '', 1, 1, 0, 4, NULL, NULL),
(26, 'Teknisi Audio Video', '', '<p><span xss=removed>Setelah mengikuti pelatihan ini peserta kompeten dalam Teknisi Audio Video</span><br></p>', '[\"260 JP\"]', 'id', 51, 49, '[207,208,209,210,211,212,213,214,215,216,217,218,219,220]', '[\"Fotocopy KTP\"]', 0, NULL, 0, 'beginner', '4,13,31', NULL, '', 1670630400, 1670630400, 'general', 1, 0, 'active', NULL, '', '', '', 1, 1, 0, 4, NULL, NULL),
(27, 'Pemasangan Instalasi Listrik Bangunan Sederhana', '', '<p><span xss=removed>Setelah mengikuti pelatihan ini peserta kompeten untuk memasang PHB penerangan dan instalasi listrik bangunan sederhana untuk menghasilkan produk dalam pekerjaannya sesuai dengan standart prosedur kerja.</span><br></p>', '[\"260 JP\"]', 'id', 52, 53, '[221,222,223,224,225,226,227,228,229]', '[\"Fotocopy KTP\"]', 0, NULL, 0, 'beginner', '4,13,31', NULL, '', 1670630400, 1670630400, 'general', 1, 0, 'active', NULL, '', '', '', 1, 1, 0, 4, NULL, NULL),
(29, 'Pipe Welder SMAW 6G-UP HILL/HLO-45', '', '<p><span xss=removed>Setelah mengikuti pelatihan ini peserta kompeten dalam melakukan pengelasan SMAW Posisi 6 G /HLO-45 untuk menghasilkan produk yang berkualitas sesuai dengan standard yang ditentukanSetelah mengikuti pelatihan ini peserta kompeten dalam melakukan pengelasan SMAW Posisi 6 G /HLO-45 untuk menghasilkan produk yang berkualitas sesuai dengan standard yang ditentukan</span><br></p>', '[\"420 JP\"]', 'id', 54, 55, '[230,231,232,233,234,235]', '[\"Fotocopy KTP\"]', 0, NULL, 0, 'beginner', '4,14,15,17,18', NULL, '', 1670630400, 1670630400, 'general', 1, 0, 'active', NULL, '', '', '', 1, 1, 0, 4, NULL, NULL),
(30, 'Plate Welder SMAW 3G-UP/PF', '', '<p><span xss=removed>Setelah mengikuti pelatihan ini peserta kompeten dalam Melakukan pengelasan SMAW posisi 3G/PF Sesuai dengan Standar yang berlaku</span><br></p>', '[\"340 JP\"]', 'id', 54, 56, '[236,237,238,239,240,241]', '[\"Fotocopy KTP\"]', 0, NULL, 0, 'beginner', '4,14,15,17,18', NULL, '', 1670630400, 1670630400, 'general', 1, 0, 'active', NULL, '', '', '', 1, 1, 0, 4, NULL, NULL),
(31, 'Tune Up Sepeda Motor Konvensional', '', '<p><span xss=removed>Setelah mengikuti pelatihan ini peserta kompeten dalam melakukan tune up sepeda motor konvensional sesuai dengan standar operasional buku service.</span><br></p>', '[\"340 JP\"]', 'id', 57, 58, '[242,243,244,245,246,247,248,249,250,251,252,253,254,255,256,257,258]', '[\"Fotocopy KTP\"]', 0, NULL, 0, 'beginner', '4,19,20,21,22', NULL, '', 1670630400, 1670630400, 'general', 1, 0, 'active', NULL, '', '', '', 1, 1, 0, 4, NULL, NULL),
(32, 'Teknik Engine Tune Up Sepeda Motor Injeksi', '', '<p><span xss=removed>Setelah mengikuti pelatihan ini peserta kompeten dalam melakukan service sepeda motor injeksi sesuai dengan standar oprasional perusahaan</span><br></p>', '[\"340 JP\"]', 'id', 57, 59, '[259,260,261,262,263,264,265,266,267,268,269,270,271,272,273,274,275,276,277]', '[\"Fotocopy KTP\"]', 0, NULL, 0, 'beginner', '4,19,20,21,22', NULL, '', 1670630400, 1670630400, 'general', 1, 0, 'active', NULL, '', '', '', 1, 1, 0, 4, NULL, NULL),
(33, 'Teknisi AC Residential', '', '<p><span xss=removed>Setelah mengikuti pelatihan ini peserta kompeten Melakukan tugas pemasangan, perawatan, dan perbaikan untuk sistem atau unit tata udara rumah tangga (residential).</span><br></p>', '[\"240 JP\"]', 'id', 60, 61, '[278,279,280,281,282,283,284,285,286,287,288,289,290,291,292]', '[\"Fotocopy KTP\"]', 0, NULL, 0, 'beginner', '4,23,24', NULL, '', 1670630400, 1670630400, 'general', 1, 0, 'active', NULL, '', '', '', 1, 1, 0, 4, NULL, NULL),
(34, 'Pengolahan Ikan', '', '<p><span xss=removed>Setelah mengikuti pelatihan ini peserta kompeten membuat produk olahan ikan berkualitas, menggunakan mesin dan alat bantu/perkakas tangan, dengan acuan gambar teknik, alat ukur yang benar, sesuai prosedur langkah kerja, dan mengutamakan keselamatan kerja baik diri-sendiri, alat maupun lingkungannya</span><br></p>', '[\"140 JP\"]', 'id', 62, 65, '[293,294,295,296,297,298,299,300,301,302,303,304]', '[\"Fotocopy KTP\"]', 0, NULL, 0, 'beginner', '4,25,26,28', NULL, '', 1670630400, 1670630400, 'general', 1, 0, 'active', NULL, '', '', '', 1, 1, 0, 4, NULL, NULL),
(35, 'Pengolahan Buah', '', '<p><span xss=removed>Setelah mengikuti pelatihan ini peserta kompeten dalam mengolah buah sesuai dengan standar operasional perusahaan</span><br></p>', '[\"140 JP\"]', 'id', 62, 66, '[305,306,307,308,309,310,311,312]', '[\"Fotocopy KTP\"]', 0, NULL, 0, 'beginner', '4,25,26,28', NULL, '', 1670630400, 1670630400, 'general', 1, 0, 'active', NULL, '', '', '', 1, 1, 0, 4, NULL, NULL),
(36, 'Pengolahan Air Susu', '', '<p><span xss=removed>Setelah mengikuti pelatihan ini peserta kompeten dalam membuat produk olahan Susu yang berkualitas, menggunakan mesin dan alat bantu dengan benar sesuai dengan prosedur langkah kerja dan mengutamakan keselamatan kerja baik diri sendiri alat maupun lingkungannya.</span><br></p>', '[\"140 JP\"]', 'id', 62, 67, '[313,314,315,316,317,318,319,320,321,322]', '[\"Fotocopy KTP\"]', 0, NULL, 0, 'beginner', '4,25,26,28', NULL, '', 1670630400, 1670630400, 'general', 1, 0, 'active', NULL, '', '', '', 1, 1, 0, 4, NULL, NULL),
(37, 'Pembuatan Produk Roti dan Pattiseri', '', '<p><span xss=removed>Setelah mengikuti pelatihan ini peserta kompeten Mengorganisir dan menyiapkan makanan, menyajikan makanan, membersihkan lokasi/ area danperalatan, menggunakan metode dasar memasak,serta menyiapkan pastry, kue dan makanan yang mengandung ragi.</span><br></p>', '[\"280 JP\"]', 'id', 63, 64, '[323,324,325,326,327,328,329,330,331,332]', '[\"Fotocopy KTP\"]', 0, NULL, 0, 'beginner', '4,27', NULL, '', 1670630400, 1670630400, 'general', 1, 0, 'active', NULL, '', '', '', 1, 1, 0, 4, NULL, NULL),
(38, 'Junior Sekretaris', '', '<p><span xss=removed>Setelah mengikuti pelatihan ini peserta kompeten melaksanakanpekerjaanJunior Sekretaris sesuai SOP di tempat kerjanya</span><br></p>', '[\"340 JP\"]', 'id', 68, 69, '[333,334,335,336,337,338,339,340,341,342,343,344,345,346,347,348,349,350,351,352,353,354,355,356,357,358,359]', '[\"Fotocopy KTP\"]', 0, NULL, 0, 'beginner', '4,29,30', NULL, '', 1670630400, 1670630400, 'general', 0, 0, 'active', NULL, '', '', '', 1, 1, 0, 4, NULL, NULL);

-- --------------------------------------------------------

--
-- Struktur dari tabel `currency`
--

CREATE TABLE `currency` (
  `id` int(11) NOT NULL,
  `name` varchar(255) DEFAULT NULL,
  `code` varchar(255) DEFAULT NULL,
  `symbol` varchar(255) DEFAULT NULL,
  `paypal_supported` int(11) DEFAULT NULL,
  `stripe_supported` int(11) DEFAULT NULL
) ENGINE=InnoDB DEFAULT CHARSET=utf8;

--
-- Dumping data untuk tabel `currency`
--

INSERT INTO `currency` (`id`, `name`, `code`, `symbol`, `paypal_supported`, `stripe_supported`) VALUES
(1, 'US Dollar', 'USD', '$', 1, 1),
(2, 'Albanian Lek', 'ALL', 'Lek', 0, 1),
(3, 'Algerian Dinar', 'DZD', '', 1, 1),
(4, 'Angolan Kwanza', 'AOA', 'Kz', 1, 1),
(5, 'Argentine Peso', 'ARS', '$', 1, 1),
(6, 'Armenian Dram', 'AMD', '', 1, 1),
(7, 'Aruban Florin', 'AWG', '', 1, 1),
(8, 'Australian Dollar', 'AUD', '$', 1, 1),
(9, 'Azerbaijani Manat', 'AZN', 'm', 1, 1),
(10, 'Bahamian Dollar', 'BSD', 'B$', 1, 1),
(11, 'Bahraini Dinar', 'BHD', '..', 1, 1),
(12, 'Bangladeshi Taka', 'BDT', '', 1, 1),
(13, 'Barbadian Dollar', 'BBD', 'Bds$', 1, 1),
(14, 'Belarusian Ruble', 'BYR', 'Br', 0, 0),
(15, 'Belgian Franc', 'BEF', 'fr', 1, 1),
(16, 'Belize Dollar', 'BZD', '$', 1, 1),
(17, 'Bermudan Dollar', 'BMD', '$', 1, 1),
(18, 'Bhutanese Ngultrum', 'BTN', 'Nu.', 1, 1),
(19, 'Bitcoin', 'BTC', '', 1, 1),
(20, 'Bolivian Boliviano', 'BOB', 'Bs.', 1, 1),
(21, 'Bosnia', 'BAM', 'KM', 1, 1),
(22, 'Botswanan Pula', 'BWP', 'P', 1, 1),
(23, 'Brazilian Real', 'BRL', 'R$', 1, 1),
(24, 'British Pound Sterling', 'GBP', '', 1, 1),
(25, 'Brunei Dollar', 'BND', 'B$', 1, 1),
(26, 'Bulgarian Lev', 'BGN', '.', 1, 1),
(27, 'Burundian Franc', 'BIF', 'FBu', 1, 1),
(28, 'Cambodian Riel', 'KHR', 'KHR', 1, 1),
(29, 'Canadian Dollar', 'CAD', '$', 1, 1),
(30, 'Cape Verdean Escudo', 'CVE', '$', 1, 1),
(31, 'Cayman Islands Dollar', 'KYD', '$', 1, 1),
(32, 'CFA Franc BCEAO', 'XOF', 'CFA', 1, 1),
(33, 'CFA Franc BEAC', 'XAF', 'FCFA', 1, 1),
(34, 'CFP Franc', 'XPF', '', 1, 1),
(35, 'Chilean Peso', 'CLP', '$', 1, 1),
(36, 'Chinese Yuan', 'CNY', '', 1, 1),
(37, 'Colombian Peso', 'COP', '$', 1, 1),
(38, 'Comorian Franc', 'KMF', 'CF', 1, 1),
(39, 'Congolese Franc', 'CDF', 'FC', 1, 1),
(40, 'Costa Rican Coln', 'CRC', '', 1, 1),
(41, 'Croatian Kuna', 'HRK', 'kn', 1, 1),
(42, 'Cuban Convertible Peso', 'CUC', '$, CUC', 1, 1),
(43, 'Czech Republic Koruna', 'CZK', 'K', 1, 1),
(44, 'Danish Krone', 'DKK', 'Kr.', 1, 1),
(45, 'Djiboutian Franc', 'DJF', 'Fdj', 1, 1),
(46, 'Dominican Peso', 'DOP', '$', 1, 1),
(47, 'East Caribbean Dollar', 'XCD', '$', 1, 1),
(48, 'Egyptian Pound', 'EGP', '.', 1, 1),
(49, 'Eritrean Nakfa', 'ERN', 'Nfk', 1, 1),
(50, 'Estonian Kroon', 'EEK', 'kr', 1, 1),
(51, 'Ethiopian Birr', 'ETB', 'Nkf', 1, 1),
(52, 'Euro', 'EUR', '', 1, 1),
(53, 'Falkland Islands Pound', 'FKP', '', 1, 1),
(54, 'Fijian Dollar', 'FJD', 'FJ$', 1, 1),
(55, 'Gambian Dalasi', 'GMD', 'D', 1, 1),
(56, 'Georgian Lari', 'GEL', '', 1, 1),
(57, 'German Mark', 'DEM', 'DM', 1, 1),
(58, 'Ghanaian Cedi', 'GHS', 'GH', 1, 1),
(59, 'Gibraltar Pound', 'GIP', '', 1, 1),
(60, 'Greek Drachma', 'GRD', ', , ', 1, 1),
(61, 'Guatemalan Quetzal', 'GTQ', 'Q', 1, 1),
(62, 'Guinean Franc', 'GNF', 'FG', 1, 1),
(63, 'Guyanaese Dollar', 'GYD', '$', 1, 1),
(64, 'Haitian Gourde', 'HTG', 'G', 1, 1),
(65, 'Honduran Lempira', 'HNL', 'L', 1, 1),
(66, 'Hong Kong Dollar', 'HKD', '$', 1, 1),
(67, 'Hungarian Forint', 'HUF', 'Ft', 1, 1),
(68, 'Icelandic Krna', 'ISK', 'kr', 1, 1),
(69, 'Indian Rupee', 'INR', '', 1, 1),
(70, 'Indonesian Rupiah', 'IDR', 'Rp', 1, 1),
(71, 'Iranian Rial', 'IRR', '', 1, 1),
(72, 'Iraqi Dinar', 'IQD', '.', 1, 1),
(73, 'Israeli New Sheqel', 'ILS', '', 1, 1),
(74, 'Italian Lira', 'ITL', 'L,', 1, 1),
(75, 'Jamaican Dollar', 'JMD', 'J$', 1, 1),
(76, 'Japanese Yen', 'JPY', '', 1, 1),
(77, 'Jordanian Dinar', 'JOD', '.', 1, 1),
(78, 'Kazakhstani Tenge', 'KZT', '', 1, 1),
(79, 'Kenyan Shilling', 'KES', 'KSh', 1, 1),
(80, 'Kuwaiti Dinar', 'KWD', '.', 1, 1),
(81, 'Kyrgystani Som', 'KGS', '', 1, 1),
(82, 'Laotian Kip', 'LAK', '', 1, 1),
(83, 'Latvian Lats', 'LVL', 'Ls', 0, 0),
(84, 'Lebanese Pound', 'LBP', '', 1, 1),
(85, 'Lesotho Loti', 'LSL', 'L', 1, 1),
(86, 'Liberian Dollar', 'LRD', '$', 1, 1),
(87, 'Libyan Dinar', 'LYD', '.', 1, 1),
(88, 'Lithuanian Litas', 'LTL', 'Lt', 0, 0),
(89, 'Macanese Pataca', 'MOP', '$', 1, 1),
(90, 'Macedonian Denar', 'MKD', '', 1, 1),
(91, 'Malagasy Ariary', 'MGA', 'Ar', 1, 1),
(92, 'Malawian Kwacha', 'MWK', 'MK', 1, 1),
(93, 'Malaysian Ringgit', 'MYR', 'RM', 1, 1),
(94, 'Maldivian Rufiyaa', 'MVR', 'Rf', 1, 1),
(95, 'Mauritanian Ouguiya', 'MRO', 'MRU', 1, 1),
(96, 'Mauritian Rupee', 'MUR', '', 1, 1),
(97, 'Mexican Peso', 'MXN', '$', 1, 1),
(98, 'Moldovan Leu', 'MDL', 'L', 1, 1),
(99, 'Mongolian Tugrik', 'MNT', '', 1, 1),
(100, 'Moroccan Dirham', 'MAD', 'MAD', 1, 1),
(101, 'Mozambican Metical', 'MZM', 'MT', 1, 1),
(102, 'Myanmar Kyat', 'MMK', 'K', 1, 1),
(103, 'Namibian Dollar', 'NAD', '$', 1, 1),
(104, 'Nepalese Rupee', 'NPR', '', 1, 1),
(105, 'Netherlands Antillean Guilder', 'ANG', '', 1, 1),
(106, 'New Taiwan Dollar', 'TWD', '$', 1, 1),
(107, 'New Zealand Dollar', 'NZD', '$', 1, 1),
(108, 'Nicaraguan Crdoba', 'NIO', 'C$', 1, 1),
(109, 'Nigerian Naira', 'NGN', '', 1, 1),
(110, 'North Korean Won', 'KPW', '', 0, 0),
(111, 'Norwegian Krone', 'NOK', 'kr', 1, 1),
(112, 'Omani Rial', 'OMR', '..', 0, 0),
(113, 'Pakistani Rupee', 'PKR', '', 1, 1),
(114, 'Panamanian Balboa', 'PAB', 'B/.', 1, 1),
(115, 'Papua New Guinean Kina', 'PGK', 'K', 1, 1),
(116, 'Paraguayan Guarani', 'PYG', '', 1, 1),
(117, 'Peruvian Nuevo Sol', 'PEN', 'S/.', 1, 1),
(118, 'Philippine Peso', 'PHP', '', 1, 1),
(119, 'Polish Zloty', 'PLN', 'z', 1, 1),
(120, 'Qatari Rial', 'QAR', '.', 1, 1),
(121, 'Romanian Leu', 'RON', 'lei', 1, 1),
(122, 'Russian Ruble', 'RUB', '', 1, 1),
(123, 'Rwandan Franc', 'RWF', 'FRw', 1, 1),
(124, 'Salvadoran Coln', 'SVC', '', 0, 0),
(125, 'Samoan Tala', 'WST', 'SAT', 1, 1),
(126, 'Saudi Riyal', 'SAR', '', 1, 1),
(127, 'Serbian Dinar', 'RSD', 'din', 1, 1),
(128, 'Seychellois Rupee', 'SCR', 'SRe', 1, 1),
(129, 'Sierra Leonean Leone', 'SLL', 'Le', 1, 1),
(130, 'Singapore Dollar', 'SGD', '$', 1, 1),
(131, 'Slovak Koruna', 'SKK', 'Sk', 1, 1),
(132, 'Solomon Islands Dollar', 'SBD', 'Si$', 1, 1),
(133, 'Somali Shilling', 'SOS', 'Sh.so.', 1, 1),
(134, 'South African Rand', 'ZAR', 'R', 1, 1),
(135, 'South Korean Won', 'KRW', '', 1, 1),
(136, 'Special Drawing Rights', 'XDR', 'SDR', 1, 1),
(137, 'Sri Lankan Rupee', 'LKR', 'Rs', 1, 1),
(138, 'St. Helena Pound', 'SHP', '', 1, 1),
(139, 'Sudanese Pound', 'SDG', '..', 1, 1),
(140, 'Surinamese Dollar', 'SRD', '$', 1, 1),
(141, 'Swazi Lilangeni', 'SZL', 'E', 1, 1),
(142, 'Swedish Krona', 'SEK', 'kr', 1, 1),
(143, 'Swiss Franc', 'CHF', 'CHf', 1, 1),
(144, 'Syrian Pound', 'SYP', 'LS', 0, 0),
(145, 'So Tom and Prncipe Dobra', 'STD', 'Db', 1, 1),
(146, 'Tajikistani Somoni', 'TJS', 'SM', 1, 1),
(147, 'Tanzanian Shilling', 'TZS', 'TSh', 1, 1),
(148, 'Thai Baht', 'THB', '', 1, 1),
(149, 'Tongan pa\'anga', 'TOP', '$', 1, 1),
(150, 'Trinidad & Tobago Dollar', 'TTD', '$', 1, 1),
(151, 'Tunisian Dinar', 'TND', '.', 1, 1),
(152, 'Turkish Lira', 'TRY', '', 1, 1),
(153, 'Turkmenistani Manat', 'TMT', 'T', 1, 1),
(154, 'Ugandan Shilling', 'UGX', 'USh', 1, 1),
(155, 'Ukrainian Hryvnia', 'UAH', '', 1, 1),
(156, 'United Arab Emirates Dirham', 'AED', '.', 1, 1),
(157, 'Uruguayan Peso', 'UYU', '$', 1, 1),
(158, 'Afghan Afghani', 'AFA', '', 1, 1),
(159, 'Uzbekistan Som', 'UZS', '', 1, 1),
(160, 'Vanuatu Vatu', 'VUV', 'VT', 1, 1),
(161, 'Venezuelan Bolvar', 'VEF', 'Bs', 0, 0),
(162, 'Vietnamese Dong', 'VND', '', 1, 1),
(163, 'Yemeni Rial', 'YER', '', 1, 1),
(164, 'Zambian Kwacha', 'ZMK', 'ZK', 1, 1);

-- --------------------------------------------------------

--
-- Struktur dari tabel `enrol`
--

CREATE TABLE `enrol` (
  `id` int(11) UNSIGNED NOT NULL,
  `user_id` int(11) DEFAULT NULL,
  `course_id` int(11) DEFAULT NULL,
  `track` varchar(255) COLLATE utf8_unicode_ci DEFAULT NULL,
  `date_added` int(11) DEFAULT NULL,
  `last_modified` int(11) DEFAULT NULL
) ENGINE=InnoDB DEFAULT CHARSET=utf8 COLLATE=utf8_unicode_ci;

--
-- Dumping data untuk tabel `enrol`
--

INSERT INTO `enrol` (`id`, `user_id`, `course_id`, `track`, `date_added`, `last_modified`) VALUES
(15, 41, 17, NULL, 1669939200, NULL),
(16, 42, 17, NULL, 1669939200, NULL),
(18, 32, 20, NULL, 1670371200, NULL),
(19, 43, 19, NULL, 1670457600, NULL),
(20, 33, 17, NULL, 1670457600, NULL),
(21, 38, 17, NULL, 1670630400, NULL),
(22, 43, 17, NULL, 1670716800, NULL),
(23, 46, 17, NULL, 1670803200, NULL),
(24, 46, 37, NULL, 1670803200, NULL),
(25, 47, 17, NULL, 1670976000, NULL),
(26, 48, 17, NULL, 1670976000, NULL),
(27, 49, 17, NULL, 1671062400, NULL),
(28, 39, 17, NULL, 1673827200, NULL),
(29, 51, 21, NULL, 1673827200, NULL),
(30, 50, 17, NULL, 1673827200, NULL),
(31, 54, 21, NULL, 1673827200, NULL),
(32, 55, 21, NULL, 1673827200, NULL),
(33, 56, 21, NULL, 1673827200, NULL),
(34, 57, 19, NULL, 1673827200, NULL),
(35, 59, 19, NULL, 1673827200, NULL),
(36, 60, 19, NULL, 1673827200, NULL);

-- --------------------------------------------------------

--
-- Struktur dari tabel `frontend_settings`
--

CREATE TABLE `frontend_settings` (
  `id` int(11) UNSIGNED NOT NULL,
  `key` varchar(255) COLLATE utf8_unicode_ci DEFAULT NULL,
  `value` longtext COLLATE utf8_unicode_ci DEFAULT NULL
) ENGINE=InnoDB DEFAULT CHARSET=utf8 COLLATE=utf8_unicode_ci;

--
-- Dumping data untuk tabel `frontend_settings`
--

INSERT INTO `frontend_settings` (`id`, `key`, `value`) VALUES
(1, 'banner_title', 'ASIYAP  KERJA'),
(2, 'banner_sub_title', 'APLIKASI LAYANAN ONLINE PENDIDIKAN DAN PELATIHAN KETERAMPILAN KERJA UPTD BALAI LATIHAN KERJA KABUPATEN SUBANG'),
(4, 'about_us', '<div xss=\"removed\"><span xss=\"removed\"><div xss=\"removed\"><br></div><div xss=\"removed\" xss=removed style=\"text-align: center; \"><b><span xss=\"removed\">VISI MISI</span></b></div><div xss=\"removed\" xss=removed style=\"text-align: center; \"><b><span xss=\"removed\">BALAI LATIHAN KERJA KABUPATEN SUBANG</span></b></div><div xss=\"removed\"><br></div><div xss=\"removed\" xss=removed style=\"text-align: center; \"><b>Visi Balai Latihan Kerja Kabupaten Subang</b></div><div xss=\"removed\" xss=removed style=\"text-align: center; \"><b><br></b></div><div xss=\"removed\" xss=removed style=\"text-align: center; \">Menjadi Lembaga Pelatihan Yang Profesional dan Berkualitas</div><div xss=\"removed\" xss=removed style=\"text-align: center; \">untuk Menciptakan Tenaga Kerja yang Kompeten dan</div><div xss=\"removed\" xss=removed style=\"text-align: center; \">Mampu Berwirausaha Mandiri di Bidangnya.</div><div xss=\"removed\"><br></div><div xss=\"removed\" style=\"text-align: center; \"><b>Misi Balai Latihan Kerja Kabupaten Subang</b></div><div xss=\"removed\" style=\"text-align: center; \">1.Meningkatkan Kualitas dan Produktivitas Tenaga Kerja;</div><div xss=\"removed\" style=\"text-align: center; \">2.Melaksanakan Pelatihan Berbasis Kompetensi dan Mobile Training Unit;</div><div xss=\"removed\" style=\"text-align: center; \">3.Melaksanakan Uji Kompetensi;</div><div xss=\"removed\" style=\"text-align: center; \">4.Menumbuhkan wirausaha mandiri yang berkesinambungan</div><div xss=\"removed\" style=\"text-align: center; \">5.Memperluas Jejaring Kerja dengan Lembaga Penempatan Kerja / Industri.</div><div xss=\"removed\" style=\"text-align: center; \">6.Meningkatkan Kinerja BLK melalui pemanfaatan Teknologi Informasi</div></span></div><div xss=\"removed\"><span xss=\"removed\"><br></span></div><div xss=\"removed\"><span xss=\"removed\"><br></span></div><div xss=\"removed\" style=\"text-align: center; \"><span xss=\"removed\"><b>SEJARAH SINGKAT </b></span></div><div xss=\"removed\" style=\"text-align: center; \"><span xss=\"removed\"><b>BALAI LATIHAN KERJA KABUPATEN SUBANG</b></span></div><div xss=\"removed\"><span xss=\"removed\"><b><br></b></span></div><div xss=\"removed\" style=\"text-align: justify; \"><span xss=\"removed\">Unit Pelaksana Teknis Daerah Balai Latihan Kerja ( UPTD BLK ) beralamat di Jl. Mayjend Sutoyo No. 48 Telp. ( 0260 ) 412655 Kabupaten Subang, dibentuk berdasarkan Keputusan Bupati Nomor 17 Tahun 2018, tanggal 29 januari 2018 yang sebelumnya merupakan UPTD Loka Latihan Kerja Usaha Kecil Menengah ( UPTD LLK UKM ) berdasarkan Peraturan Daerah Kabupaten Subang No. 14 tahun 2001 tentang Organisasi Unit Pelaksana Teknis Dinas Kabupaten Subang.</span></div><div xss=\"removed\"><span xss=\"removed\"><br></span></div><div xss=\"removed\" style=\"text-align: justify; \"><span xss=\"removed\">Perkembangan UPTD BLK Kabupaten Subang sejak berdirinya tahun 1984 sampai tahun 2000 di tandai dengan beberapa tahap perkembangan. Pada periode tahun 1984  1992 UPTD LK  UKM Kabupaten Subang merupakan Bengkel Pengembangan Teknologi Tepat Guna ( BPTTG ) yang merupakan organisasi dibawah Sub  Direktorat Pembinaan Teknologi dan Pengembangan Sistem Pada Karya ( Dirjen Bina Penta ) Departemen tenaga Kerja. Berfungsi sebagai bengkel menguji coba teknologi Padat Karya dan teknologi pedesaan baik teknologi yang berasal dari luar negeri maupun dalam negeri yang merupakan sistem teknologi Padat Karya alam alih teknologi kepada para petugas lapangan teknologi sistem Padat Karya ( PL  TSPK ). Masyarakat calon pengguna dan dinas / instansi dan lembaga lain yang membutuhkan sistem Teknologi Padat Karya, yang mencakup wilayah seluruh Indonesia.</span></div><div xss=\"removed\"><span xss=\"removed\"><br></span></div><div xss=\"removed\" style=\"text-align: justify; \"><span xss=\"removed\">Seiring dengan pelaksana Undang-undang Nomor 22 tahun 1999, tentang Otonomi Daerah, mensyaratkan perubahan paradigma kepemerintahan yang ditandai dengan perubahan orientasi dari pola sentralistik menjadi desentralistik, dimana kedudukan lembaga latihan kerja yang semula berada dibawah tanggung jawab Departemen Tenaga Kerja Pusat beralih menjadi tanggung jawab Pemerintah Daerah, dalam hal ini Pemerintah Daerah Kabupaten Subang ( Perda No. 14 tahun 2001 ) tentang pembentukan Unit Pelaksana Teknis Dinas (UPTD ) Latihan Kerja Unit Kegiatan Masyarakat (LK-UKM) dan Keputusan Bupati Subang Nomor 51 tentang Tugas Pokok dan Fungsi UPTD-LKUKM Subang, kemudian ditetapkan kembali dengan Keputusan Bupati Nomor : 14G/32 Tahun 2008 tentang Tugas Pokok dan Fungsi UPTD LLK UKM Dinas Tenaga Kerja dan Transmigrasi Kabupaten Subang, dan mengalamai perubahan berdasarkan Peraturan Bupati Subang No. 17 Tahun 2018 Tanggal 29 Januari 2018 menjadi UPTD Balai Latihan Kerja Kabupaten Subang.</span></div><div xss=\"removed\"><span xss=\"removed\"><div xss=\"removed\"><br></div>'),
(10, 'terms_and_condition', '<p></p><p><span xss=\"removed\"><br></span></p><table class=\"table table-bordered\"><tbody><tr><td>NO</td><td>Perusahaan              </td><td>Posisi dan Kualifikasi                   <br></td><td>lnk                 </td></tr><tr><td>1</td><td><p><span xss=\"removed\">PT. Dewasutratex II</span></p></td><td><p>Staf Produksi</p><p>Kualifikasi :</p><p>1. Teliti, bisa bekerja sama, cekatan</p><p>2. Berdomisili di Bandung, Cimahi, dan Sekitarnya</p><p xss=\"removed\"></p></td><td><p><a href=\"https://drive.google.com/file/d/1Evo_ddicpoaYJPAs9tnarYXCq-m6WkAZ/view?usp=share_link\" target=\"_blank\">DOWNLOAD</a><br></p></td></tr></tbody></table><h2><span xss=\"removed\"><br></span></h2><h2><br></h2><h2 xss=\"removed\"></h2><p></p>'),
(11, 'privacy_policy', '<p></p><p></p><p></p><p></p><h2><span xss=\"removed\"><br></span></h2><table class=\"table table-bordered\"><tbody><tr><td xss=\"removed\">No</td><td xss=\"removed\">Peraturan</td><td xss=\"removed\">Tentang</td><td><br></td></tr><tr><td>1</td><td><p><span xss=\"removed\">PERBUP No 61 Tahun 2018</span></p></td><td><span xss=\"removed\">Tentang Tupoksi UPTD BLK Subang</span><br></td><td><a href=\"https://drive.google.com/file/d/1otwtsZFU3Ogem59XrfDPrIhaIIItaxMV/view?usp=share_link\" target=\"_blank\">download</a><br></td></tr><tr><td>2</td><td><p>PERMEN No 8 Tahun 2017</p></td><td>Standar Balai Latihan Kerja</td><td><p><a href=\"https://drive.google.com/file/d/10jcXFkeyTyzWBHaa_MHDoKZ6vFKeKeUn/view?usp=share_link\" target=\"_blank\">download</a><br></p></td></tr><tr><td>3</td><td><p>PERMEN No 2 Tahun 2018</p></td><td>Jumlah Jam Tatap Muka dan Pemberian Honorarium</td><td><p><a href=\"https://drive.google.com/file/d/1VVj2rglpbSjAcoU7Q1y3X4KHharW-Bh1/view?usp=share_link\" target=\"_blank\">download</a><br></p></td></tr><tr><td>4</td><td><p>PERMENAKERTRANS No 8 Tahun 2014</p></td><td>Pedoman Penyelenggaraan Pelatihan Berbasis Kompetensi</td><td><p><a href=\"https://drive.google.com/file/d/16l0QCjTaAvjvL2OQyjtSsXILT7QeU0eP/view?usp=share_link\" target=\"_blank\">download</a><br></p></td></tr></tbody></table><h2><span xss=\"removed\"><br></span></h2><h2><span xss=\"removed\"><br></span><br></h2><p></p><p></p><p></p><p></p><p><br></p><p><br></p><p><br></p><p></p><p></p>'),
(13, 'theme', 'default'),
(14, 'cookie_note', 'Website ini menerapkan Cookies untuk pengalaman terbaik dalam pembelajaran'),
(15, 'cookie_status', 'active'),
(16, 'cookie_policy', '<h1><span xss=removed></span>Cookie policy</h1><ol><li>Cookies are small text files that can be used by websites to make a user\'s experience more efficient.</li><li>The law states that we can store cookies on your device if they are strictly necessary for the operation of this site. For all other types of cookies we need your permission.</li><li>This site uses different types of cookies. Some cookies are placed by third party services that appear on our pages.</li></ol>'),
(17, 'banner_image', 'cea0c0b601708bb928f7633a41db56d5.jpg'),
(18, 'light_logo', '6f8a184787819e144787323c609811d6.png'),
(19, 'dark_logo', '8f2fc823e0325a4250bcd62a28e83753.png'),
(20, 'small_logo', 'logo-light-sm.png'),
(21, 'favicon', 'favicon.png'),
(22, 'recaptcha_status', '0'),
(23, 'recaptcha_secretkey', 'Valid-secret-key'),
(24, 'recaptcha_sitekey', 'Valid-site-key'),
(25, 'refund_policy', '<h2>&lt;iframe frameborder=\"0\" src=\"//www.youtube.com/embed/_JSKEJS3-HY\" width=\"640\" height=\"360\" class=\"note-video-clip\"&gt;&lt;/iframe&gt;<span xss=\"removed\">Refund Policy</span></h2><h2><span xss=\"removed\"><br></span></h2>'),
(26, 'facebook', 'https://www.facebook.com/uptdblksubang'),
(27, 'twitter', 'https://www.instagram.com/blksubang/'),
(28, 'linkedin', 'https://www.youtube.com/@BLKSubang'),
(31, 'blog_page_title', 'Sekilas Info '),
(32, 'blog_page_subtitle', 'Were a leading marketplace platform for learning and teaching online. Explore some of our most popular content and learn something new.'),
(33, 'blog_page_banner', '809ec3f430fb91dc66ac9a4e2d2017dc.png'),
(34, 'instructors_blog_permission', '0'),
(35, 'blog_visibility_on_the_home_page', '1');

-- --------------------------------------------------------

--
-- Struktur dari tabel `language`
--

CREATE TABLE `language` (
  `phrase_id` int(11) NOT NULL,
  `phrase` longtext COLLATE utf8_unicode_ci DEFAULT NULL,
  `english` longtext COLLATE utf8_unicode_ci DEFAULT NULL
) ENGINE=MyISAM DEFAULT CHARSET=utf8 COLLATE=utf8_unicode_ci;

-- --------------------------------------------------------

--
-- Struktur dari tabel `lesson`
--

CREATE TABLE `lesson` (
  `id` int(11) UNSIGNED NOT NULL,
  `title` varchar(255) COLLATE utf8_unicode_ci DEFAULT NULL,
  `duration` varchar(255) COLLATE utf8_unicode_ci DEFAULT NULL,
  `course_id` int(11) DEFAULT NULL,
  `section_id` int(11) DEFAULT NULL,
  `video_type` varchar(255) COLLATE utf8_unicode_ci DEFAULT NULL,
  `video_url` varchar(255) COLLATE utf8_unicode_ci DEFAULT NULL,
  `date_added` int(11) DEFAULT NULL,
  `last_modified` int(11) DEFAULT NULL,
  `lesson_type` varchar(255) COLLATE utf8_unicode_ci DEFAULT NULL,
  `attachment` longtext COLLATE utf8_unicode_ci DEFAULT NULL,
  `attachment_type` varchar(255) COLLATE utf8_unicode_ci DEFAULT NULL,
  `summary` longtext COLLATE utf8_unicode_ci DEFAULT NULL,
  `is_free` int(11) NOT NULL DEFAULT 0,
  `order` int(11) NOT NULL DEFAULT 0,
  `video_type_for_mobile_application` varchar(255) COLLATE utf8_unicode_ci DEFAULT NULL,
  `video_url_for_mobile_application` varchar(255) COLLATE utf8_unicode_ci DEFAULT NULL,
  `duration_for_mobile_application` varchar(255) COLLATE utf8_unicode_ci DEFAULT NULL
) ENGINE=InnoDB DEFAULT CHARSET=utf8 COLLATE=utf8_unicode_ci;

--
-- Dumping data untuk tabel `lesson`
--

INSERT INTO `lesson` (`id`, `title`, `duration`, `course_id`, `section_id`, `video_type`, `video_url`, `date_added`, `last_modified`, `lesson_type`, `attachment`, `attachment_type`, `summary`, `is_free`, `order`, `video_type_for_mobile_application`, `video_url_for_mobile_application`, `duration_for_mobile_application`) VALUES
(5, 'Tes Kuisioner', '00:00:00', 17, 147, NULL, NULL, 1669939200, 1669939200, 'quiz', NULL, NULL, 'Ceklis Jawaban yang benar', 0, 0, NULL, NULL, NULL),
(6, 'Pengoprasian mesin bubut', '00:00:00', 19, 149, NULL, NULL, 1670457600, 1670457600, 'quiz', NULL, NULL, 'Harap melengkapi persyaratan, sesuai intruksi', 0, 1, NULL, NULL, NULL);

-- --------------------------------------------------------

--
-- Struktur dari tabel `log`
--

CREATE TABLE `log` (
  `id` int(11) NOT NULL,
  `from` varchar(255) COLLATE utf8_unicode_ci NOT NULL
) ENGINE=MyISAM DEFAULT CHARSET=utf8 COLLATE=utf8_unicode_ci;

-- --------------------------------------------------------

--
-- Struktur dari tabel `message`
--

CREATE TABLE `message` (
  `message_id` int(11) NOT NULL,
  `message_thread_code` longtext COLLATE utf8_unicode_ci DEFAULT NULL,
  `message` longtext COLLATE utf8_unicode_ci DEFAULT NULL,
  `sender` longtext COLLATE utf8_unicode_ci DEFAULT NULL,
  `timestamp` longtext COLLATE utf8_unicode_ci DEFAULT NULL,
  `read_status` int(11) DEFAULT NULL
) ENGINE=MyISAM DEFAULT CHARSET=utf8 COLLATE=utf8_unicode_ci;

--
-- Dumping data untuk tabel `message`
--

INSERT INTO `message` (`message_id`, `message_thread_code`, `message`, `sender`, `timestamp`, `read_status`) VALUES
(1, 'c2d18ae889c6948', 'silakan ikuti tes berikut ini', '4', '1669619485', 1),
(2, 'c2d18ae889c6948', 'baik pak', '33', '1669619619', 1);

-- --------------------------------------------------------

--
-- Struktur dari tabel `message_thread`
--

CREATE TABLE `message_thread` (
  `message_thread_id` int(11) NOT NULL,
  `message_thread_code` longtext COLLATE utf8_unicode_ci DEFAULT NULL,
  `sender` varchar(255) COLLATE utf8_unicode_ci DEFAULT '',
  `receiver` varchar(255) COLLATE utf8_unicode_ci DEFAULT '',
  `last_message_timestamp` longtext COLLATE utf8_unicode_ci DEFAULT NULL
) ENGINE=InnoDB DEFAULT CHARSET=utf8 COLLATE=utf8_unicode_ci;

--
-- Dumping data untuk tabel `message_thread`
--

INSERT INTO `message_thread` (`message_thread_id`, `message_thread_code`, `sender`, `receiver`, `last_message_timestamp`) VALUES
(1, 'c2d18ae889c6948', '4', '33', NULL);

-- --------------------------------------------------------

--
-- Struktur dari tabel `payment`
--

CREATE TABLE `payment` (
  `id` int(11) UNSIGNED NOT NULL,
  `user_id` int(11) DEFAULT NULL,
  `payment_type` varchar(50) COLLATE utf8_unicode_ci DEFAULT NULL,
  `course_id` int(11) DEFAULT NULL,
  `amount` double DEFAULT NULL,
  `date_added` int(11) DEFAULT NULL,
  `last_modified` int(11) DEFAULT NULL,
  `admin_revenue` varchar(255) COLLATE utf8_unicode_ci DEFAULT NULL,
  `instructor_revenue` varchar(255) COLLATE utf8_unicode_ci DEFAULT NULL,
  `instructor_payment_status` int(11) DEFAULT 0,
  `transaction_id` varchar(255) COLLATE utf8_unicode_ci DEFAULT NULL,
  `session_id` varchar(255) COLLATE utf8_unicode_ci DEFAULT NULL,
  `coupon` varchar(255) COLLATE utf8_unicode_ci DEFAULT NULL
) ENGINE=InnoDB DEFAULT CHARSET=utf8 COLLATE=utf8_unicode_ci;

-- --------------------------------------------------------

--
-- Struktur dari tabel `payout`
--

CREATE TABLE `payout` (
  `id` int(11) UNSIGNED NOT NULL,
  `user_id` int(11) DEFAULT NULL,
  `payment_type` varchar(255) DEFAULT NULL,
  `amount` double DEFAULT NULL,
  `date_added` int(11) DEFAULT NULL,
  `last_modified` int(11) DEFAULT NULL,
  `status` int(11) DEFAULT 0
) ENGINE=InnoDB DEFAULT CHARSET=utf8;

-- --------------------------------------------------------

--
-- Struktur dari tabel `permissions`
--

CREATE TABLE `permissions` (
  `id` bigint(20) UNSIGNED NOT NULL,
  `admin_id` int(11) DEFAULT NULL,
  `permissions` longtext COLLATE utf8_unicode_ci DEFAULT NULL
) ENGINE=InnoDB DEFAULT CHARSET=utf8 COLLATE=utf8_unicode_ci;

--
-- Dumping data untuk tabel `permissions`
--

INSERT INTO `permissions` (`id`, `admin_id`, `permissions`) VALUES
(1, 4, '[\"category\",\"course\",\"user\",\"instructor\",\"student\",\"enrolment\",\"messaging\",\"blog\",\"settings\",\"coupon\"]');

-- --------------------------------------------------------

--
-- Struktur dari tabel `question`
--

CREATE TABLE `question` (
  `id` int(11) UNSIGNED NOT NULL,
  `quiz_id` int(11) DEFAULT NULL,
  `title` longtext COLLATE utf8_unicode_ci DEFAULT NULL,
  `type` varchar(255) COLLATE utf8_unicode_ci DEFAULT NULL,
  `number_of_options` int(11) DEFAULT NULL,
  `options` longtext COLLATE utf8_unicode_ci DEFAULT NULL,
  `correct_answers` longtext COLLATE utf8_unicode_ci DEFAULT NULL,
  `order` int(11) NOT NULL DEFAULT 0
) ENGINE=InnoDB DEFAULT CHARSET=utf8 COLLATE=utf8_unicode_ci;

--
-- Dumping data untuk tabel `question`
--

INSERT INTO `question` (`id`, `quiz_id`, `title`, `type`, `number_of_options`, `options`, `correct_answers`, `order`) VALUES
(1, 1, 'Siapa Nama Anda ?', 'multiple_choice', 3, '[\"A\",\"B\",\"C\"]', '[\"\"]', 0),
(2, 2, 'Apa kepanjangan dari BLK ?', 'multiple_choice', 4, '[\"A\",\"B\",\"C\",\"D\"]', '[\"2\"]', 0),
(3, 2, 'Siapa nama kepala BLK Subang ?', 'multiple_choice', 3, '[\"A\",\"B\",\"C\"]', '[\"3\"]', 0),
(4, 5, '1 3 6 10 15 21 .........', 'multiple_choice', 5, '[\"25\",\"26\",\"28\",\"32\",\"35\"]', '[\"3\"]', 0),
(5, 5, 'berapa persenkah 280 dari 700', 'multiple_choice', 5, '[\"35%\",\"37%\",\"40%\",\"42.5%\",\"45%\"]', '[\"3\"]', 0),
(6, 6, 'Siapa nama kepala blk subang', 'multiple_choice', 4, '[\"a. Ucu Kuswandi\",\"Usep Moheng\",\"Chandra Mustika\",\"Nano Nugraha\"]', '[\"1\"]', 0);

-- --------------------------------------------------------

--
-- Struktur dari tabel `rating`
--

CREATE TABLE `rating` (
  `id` int(11) UNSIGNED NOT NULL,
  `rating` double DEFAULT NULL,
  `user_id` int(11) DEFAULT NULL,
  `ratable_id` int(11) DEFAULT NULL,
  `ratable_type` varchar(50) COLLATE utf8_unicode_ci DEFAULT NULL,
  `date_added` int(11) DEFAULT NULL,
  `last_modified` int(11) DEFAULT NULL,
  `review` longtext COLLATE utf8_unicode_ci DEFAULT NULL
) ENGINE=InnoDB DEFAULT CHARSET=utf8 COLLATE=utf8_unicode_ci;

--
-- Dumping data untuk tabel `rating`
--

INSERT INTO `rating` (`id`, `rating`, `user_id`, `ratable_id`, `ratable_type`, `date_added`, `last_modified`, `review`) VALUES
(1, 5, 33, 15, 'course', 1669590000, NULL, '');

-- --------------------------------------------------------

--
-- Struktur dari tabel `role`
--

CREATE TABLE `role` (
  `id` int(11) UNSIGNED NOT NULL,
  `name` varchar(255) COLLATE utf8_unicode_ci DEFAULT NULL,
  `date_added` int(11) DEFAULT NULL,
  `last_modified` int(11) DEFAULT NULL
) ENGINE=InnoDB DEFAULT CHARSET=utf8 COLLATE=utf8_unicode_ci;

--
-- Dumping data untuk tabel `role`
--

INSERT INTO `role` (`id`, `name`, `date_added`, `last_modified`) VALUES
(1, 'Admin', 1234567890, 1234567890),
(2, 'User', 1234567890, 1234567890);

-- --------------------------------------------------------

--
-- Struktur dari tabel `section`
--

CREATE TABLE `section` (
  `id` int(11) NOT NULL,
  `title` varchar(255) COLLATE utf8_unicode_ci DEFAULT NULL,
  `course_id` int(11) DEFAULT NULL,
  `order` int(11) NOT NULL DEFAULT 0
) ENGINE=InnoDB DEFAULT CHARSET=utf8 COLLATE=utf8_unicode_ci;

--
-- Dumping data untuk tabel `section`
--

INSERT INTO `section` (`id`, `title`, `course_id`, `order`) VALUES
(127, 'Produktivitas', 17, 2),
(128, 'Melakukan pengepresan', 17, 11),
(129, 'Memelihara alat jahit.', 17, 10),
(130, 'Menyelesaikan busana dengan jahitan tangan', 17, 9),
(131, 'Mengikuti prosedur kesehatan,keselamatan dan keamanan dalam bekerja', 17, 8),
(132, 'Menjahit dengan mesin', 17, 7),
(133, 'Mengukur tubuh pelanggan sesuai dengan desain.', 17, 6),
(134, 'Membuat pola busana dengan teknik konstruksi.', 17, 5),
(135, 'Memotong bahan', 17, 4),
(136, 'Membuat hiasan pada busana', 17, 3),
(147, 'Pre Test', 17, 1),
(148, 'Evaluasi Program', 17, 12),
(149, 'Pra Test', 19, 0),
(150, 'MENGGUNAKAN PERKAKAS TANGAN', 19, 0),
(151, 'MENERAPKAN PRINSIP-PRINSIP K3 DI TEMPAT KERJA', 19, 0),
(152, 'MENGUKUR DENGAN MENGGUNAKAN ALAT UKUR', 19, 0),
(153, 'MENERAPKAN PROSEDUR MUTU', 19, 0),
(154, 'MEMBUBUT DASAR', 19, 0),
(155, 'MEMBACA GAMBAR TEKNIK', 19, 0),
(156, 'MENGASAH/MEMELIHARA PAHAT/ALAT POTONG', 19, 0),
(157, 'Evaluasi Program', 19, 0),
(158, 'Pra Test', 20, 0),
(159, 'MENERAPKAN PRINSIP-PRINSIP K3 DI TEMPAT KERJA', 20, 0),
(160, 'MENERAPKAN PROSEDUR MUTU', 20, 0),
(161, 'MEMBACA GAMBAR TEKNIK', 20, 0),
(162, 'MENGUKUR DENGAN MENGGUNAKAN ALAT UKUR', 20, 0),
(163, 'MENGGUNAKAN PERKAKAS TANGAN', 20, 0),
(164, 'MENGGAMBAR 2D DENGAN SISTEM CAD', 20, 0),
(165, 'MEMBUAT MODEL 3D DENGAN SISTEM CAD', 20, 0),
(166, 'Evaluasi Program', 20, 0),
(167, 'Pra Test', 21, 0),
(168, 'MENGGUNAKAN PERANGKAT LUNAK LEMBAR SEBAR (SPREADSHEET) TINGKAT DASAR', 21, 0),
(169, 'MENGGUNAKAN PERANGKAT LUNAK PENGOLAH KATA TINGKAT LANJUT', 21, 0),
(170, 'MENGGUNAKAN PERANGKAT LUNAK LEMBAR KERJA TINGKAT LANJUT', 21, 0),
(171, 'MENGGUNAKAN PERANGKAT LUNAK PRESENTASI TINGKAT LANJUT', 21, 0),
(172, 'MENGGUNAKAN PERANGKAT LUNAK PENGOLAH KATA TINGKAT DASAR', 21, 0),
(173, 'MENGGUNAKAN PERANGKAT LUNAK PRESENTASI TINGKAT DASAR', 21, 0),
(174, 'Evaluasi Program', 21, 0),
(175, 'Pra Test', 22, 0),
(176, 'MENGAPLIKASIKAN PRINSIP DASAR DESAIN', 22, 0),
(177, 'MENERAPKAN PRINSIP DASAR KOMUNIKASI', 22, 0),
(178, 'MENERAPKAN DESIGN BRIEF', 22, 0),
(179, 'MENGOPERASIKAN PERANGKAT LUNAK DESAIN', 22, 0),
(180, 'MENCIPTAKAN KARYA DESAIN', 22, 0),
(181, 'MEMPRESENTASIKAN KARYA DESAIN', 22, 0),
(182, 'Evaluasi Program', 22, 0),
(183, 'Pra Test', 23, 0),
(184, 'MEMBUAT PERGERAKAN (MOTION) OBJEK DIGITAL', 23, 0),
(185, 'MEMBUAT MODEL 3D BERBASIS HARD SURFACE', 23, 0),
(186, 'MEMBUAT PENCITRAAN GAMBAR DIGITAL (RENDERING)', 23, 0),
(187, 'MEMBUAT PENGGABUNGAN ASET VISUAL TEKNIK LAYER 2D (POST 2D COMPOSITING)', 23, 0),
(188, 'MEMBUAT ARTISTIK PENCAHAYAAN 3D (SET LIGHTING)', 23, 0),
(189, 'MEMBUAT SETTING-AN SIFAT BAHAN 3D (SHADING)', 23, 0),
(190, 'MEMBUAT ARTISTIK SUDUT PANDANG KAMERA 3D', 23, 0),
(191, 'MEMBUAT PENYUSUNAN ARTISTIK ASET VISUAL TEKNIK LAYER 3D (POST 3D COMPOSITING)', 23, 0),
(192, 'MELAKUKAN PENYUNTINGAN GAMBAR AKHIR ANIMASI (ONLINE EDITING)', 23, 0),
(193, 'MEMBUAT GAMBAR PENCERITAAN ANIMASI (STORYBOARD)', 23, 0),
(194, 'Evaluasi Program', 23, 0),
(195, 'Pra Test', 24, 0),
(196, 'MENJAHIT DENGAN ALAT JAHIT TANGAN', 24, 0),
(197, 'MENJAHIT DENGAN MESIN I', 24, 0),
(198, 'MELAKUKAN PENYETRIKAAN', 24, 0),
(199, 'MEMELIHARA ALAT JAHIT', 24, 0),
(200, 'Evaluasi Program', 24, 0),
(201, 'Pra Test', 25, 0),
(202, 'MENGOPERASIKAN MESIN LOCKSTITCH', 25, 0),
(203, 'MENGOPERASIKAN MESIN OBRAS/OVERLOCK', 25, 0),
(204, 'MENGOPERASIKAN MESIN LUBANG KANCING (BUTTON HOLE)', 25, 0),
(205, 'MENGOPERASIKAN ALAT GOSOK/IRONING', 25, 0),
(206, 'Evaluasi Program', 25, 0),
(207, 'Pre Test', 26, 0),
(208, 'MENERAPKAN KOMUNIKASI DI TEMPAT KERJA', 26, 0),
(209, 'MENERAPKAN KERJASAMA DI TEMPAT KERJA', 26, 0),
(210, 'MENERAPKAN KESELAMATAN DAN KESEHATAN KERJA', 26, 0),
(211, 'MENGGUNAKAN ALAT UKUR DAN ALAT UJI', 26, 0),
(212, 'MENGIDENTIFIKASI DAN MENGGUNAKAN KOMPONEN DASAR ELEKTRIK DAN ELEKTRONIKA', 26, 0),
(213, 'MEMPERSIAPKAN DAN MENGINTERPRETASIKAN GAMBAR TEKNIK', 26, 0),
(214, 'MELACAK KERUSAKAN PADA PRODUK ELEKTRONIKA', 26, 0),
(215, 'MENERA PERANGKAT AUDIO VIDEO', 26, 0),
(216, 'MEMBUAT LAPORAN PEKERJAAN', 26, 0),
(217, 'MEMPERBAIKI PERANGKAT AUDIO VIDEO', 26, 0),
(218, 'MEMPERSIAPKAN PERALATAN DAN MATERIAL', 26, 0),
(219, 'MEMELIHARA LINGKUNGAN KERJA', 26, 0),
(220, 'Evaluasi Program', 26, 0),
(221, 'Pre Test', 27, 0),
(222, 'MENGUKUR LISTRIK/ELEKTRONIK', 27, 0),
(223, 'MENERAPKAN PRINSIP-PRINSIP K3 DI TEMPAT KERJA', 27, 0),
(224, 'MELAKSANAKAN PEMBANGUNAN DAN PEMASANGAN RANGKAIAN PENANGKAL/ PENANGKAP PETIR', 27, 0),
(225, 'MELAKSANAKAN PEMBANGUNAN DAN PEMASANGAN KOMPONEN DAN SIRKIT ALAT PENGUKUR DAN PEMBATAS UNTUK INSTALASI PEMANFAATAN TENAGA LISTRIK', 27, 0),
(226, 'MELAKSANAKAN PEMBANGUNAN DAN PEMASANGAN KOMPONEN DAN SIRKIT INSTALASI PEMANFAATAN TENAGA LISTRIK TEGANGAN RENDAH', 27, 0),
(227, 'MELAKSANAKAN PENGOPERASIAN KOMPONEN DAN SIRKIT INSTALASI PEMANFAATAN TENAGA LISTRIK TEGANGAN RENDAH', 27, 0),
(228, 'MELAKSANAKAN PENGOPERASIAN KOMPONEN DAN SIRKIT ALAT PENGUKUR DAN PEMBATAS UNTUK INSTALASI PEMANFAATAN TENAGA LISTRIK', 27, 0),
(229, 'Evaluasi Program', 27, 0),
(230, 'Pre Test', 29, 0),
(231, 'MEMPERBAIKI HASIL PENGELASAN', 29, 0),
(232, 'MEMBUAT SAMBUNGAN LAS FILLET SESUAI WPS UNTUK PENGELASAN PELAT KE PELAT, PIPA KE PIPA, DAN PELAT KE PIPA SESUAI DENGAN PROSES LAS YANG DIGUNAKAN', 29, 0),
(233, 'MEMBUAT SAMBUNGAN LAS KAMPUH (GROOVE) SESUAI WPS UNTUK PENGELASAN PIPA KE PIPA DAN SESUAI DENGAN PROSES LAS YANG DIGUNAKAN', 29, 0),
(234, 'MEMBUAT SMBUNGAN LAS KAMPUH (GROOVE) SESUAI WPS UNTUK PENGELASAN PIPA KE PIPA DAN SESUAI DENGAN PROSES LAS YANG DIGUNAKAN', 29, 0),
(235, 'MELAKSANAKAN PERSIAPAN TEMPAT KERJA', 29, 0),
(236, 'Pre Test', 30, 0),
(237, 'MELAKSANAKAN PERSIAPAN TEMPAT KERJA', 30, 0),
(238, 'MEMPERBAIKI HASIL PENGELASAN', 30, 0),
(239, 'MEMBUAT SAMBUNGAN LAS FILLET SESUAI WPS UNTUK PENGELASAN PELAT KE PELAT, PIPA KE PIPA, DAN PELAT KE PIPA SESUAI DENGAN PROSES LAS YANG DIGUNAKAN', 30, 0),
(240, 'MEMBUAT SAMBUNGAN LAS KAMPUH (GROOVE) SESUAI WPS UNTUK PENGELASAN PIPA KE PIPA DAN SESUAI DENGAN PROSES LAS YANG DIGUNAKAN', 30, 0),
(241, 'Evaluasi Program', 30, 0),
(242, 'Pre Test', 31, 0),
(243, 'MELAKUKAN PERAWATAN SISTEM PENDINGINAN', 31, 0),
(244, 'MELAKUKAN PERAWATAN SISTEM PENGEREMAN', 31, 0),
(245, 'MELAKUKAN PERAWATAN SISTEM KEMUDI', 31, 0),
(246, 'MELAKUKAN PERAWATAN SISTEM SUSPENSI', 31, 0),
(247, 'MELAKUKAN BONGKAR PASANG COVER BODY', 31, 0),
(248, 'MELAKUKAN PERAWATAN FREE PLAY THROTTLE GAS', 31, 0),
(249, 'MELAKUKAN PERAWATAN BATERAI', 31, 0),
(250, 'MELAKUKAN PERAWATAN BUSI', 31, 0),
(251, 'MELAKUKAN PENGGANTIAN RANTAI RODA', 31, 0),
(252, 'MELAKUKAN PERAWATAN SISTEM CLUTCH/KOPLING', 31, 0),
(253, 'MELAKUKAN PERAWATAN KARBURATOR', 31, 0),
(254, 'MELAKUKAN PERAWATAN INSTRUMEN KELISTRIKAN (SISTEM SINYAL DAN PENERANGAN)', 31, 0),
(255, 'MELAKUKAN PERAWATAN FILTER UDARA', 31, 0),
(256, 'MELAKUKAN PEMERIKSAAN DAN PENGGANTIAN OLI MESIN, OLI TRANSMISI, DAN FILTER OLI', 31, 0),
(257, 'MELAKUKAN PERAWATAN RENGGANG KLEP', 31, 0),
(258, 'Evaluasi Program', 31, 0),
(259, 'Pre Test', 32, 0),
(260, 'MELAKUKAN PENGELOLAAN TOOLS', 32, 0),
(261, 'MELAKUKAN PERAWATAN SISTEM INJEKSI', 32, 0),
(262, 'MELAKUKAN PERAWATAN RENGGANG KLEP', 32, 0),
(263, 'MELAKUKAN PERAWATAN FREE PLAY THROTTLE GAS', 32, 0),
(264, 'MELAKUKAN PERAWATAN FILTER UDARA', 32, 0),
(265, 'MELAKUKAN PEMERIKSAAN SISTEM PELUMASAN MESIN', 32, 0),
(266, 'MELAKUKAN PENGGANTIAN RANTAI RODA', 32, 0),
(267, 'MELAKUKAN PERAWATAN SISTEM PENGEREMAN', 32, 0),
(268, 'MELAKUKAN PERAWATAN SISTEM KEMUDI', 32, 0),
(269, 'MELAKUKAN PERAWATAN SISTEM SUSPENSI', 32, 0),
(270, 'MELAKUKAN PERAWATAN BATERAI', 32, 0),
(271, 'MELAKUKAN BONGKAR PASANG COVER BODY', 32, 0),
(272, 'MELAKUKAN PERAWATAN BUSI', 32, 0),
(273, 'MELAKUKAN PERAWATAN INSTRUMEN KELISTRIKAN (SISTEM SINYAL DAN PENERANGAN)', 32, 0),
(274, 'MELAKUKAN PERAWATAN SISTEM PENDINGINAN', 32, 0),
(275, 'MENGOPERASIKAN DIAGNOSTIC TOOLS', 32, 0),
(276, 'MELAKUKAN PERAWATAN SISTEM CLUTCH/KOPLING', 32, 0),
(277, 'Evaluasi Program', 32, 0),
(278, 'Pre Test', 33, 0),
(279, 'MENERAPKAN KESELAMATAN DAN KESEHATAN KERJA DAN LINGKUNGAN HIDUP (K3-LH)', 33, 0),
(280, 'MENERAPKAN KOMUNIKASI DI TEMPAT KERJA', 33, 0),
(281, 'MENERAPKAN KERJASAMA DI TEMPAT KERJA', 33, 0),
(282, 'MERANGKAI SISTEM KELISTRIKAN SEDERHANA', 33, 0),
(283, 'MENGGUNAKAN ALAT UKUR REFRIGERASI DAN TATA UDARA', 33, 0),
(284, 'MEMERIKSA KEBOCORAN REFRIGERAN', 33, 0),
(285, 'MENGEVAKUASI SISTEM REFRIGERASI DAN TATA UDARA', 33, 0),
(286, 'MELAKUKAN RECOVERY REFRIGERAN', 33, 0),
(287, 'MELAKUKAN PROSES PENGISIAN REFRIGERAN', 33, 0),
(288, 'MEMASANG UNIT TATA UDARA RUMAH TANGGA/RESIDENTIAL', 33, 0),
(289, 'MERANGKAI SISTEM PEMIPAAN SEDERHANA', 33, 0),
(290, 'MEMPERBAIKI UNIT DAN SISTEM REFRIGERASI DAN TATA UDARA', 33, 0),
(291, 'MEMBERSIHKAN AC INDOOR DAN OUTDOOR', 33, 0),
(292, 'Evaluasi Program', 33, 0),
(293, 'Pre Test', 34, 0),
(294, 'MELAKUKAN PROSES PENGGILINGAN', 34, 0),
(295, 'MELAKUKAN PROSES PEMOTONGAN', 34, 0),
(296, 'MENGOPERASIKAN PROSES PRODUKSI', 34, 0),
(297, 'MENERAPKAN SISTEM DAN PROSEDUR KESELAMATAN DAN KESEHATAN (K3)', 34, 0),
(298, 'MEMILAH DAN MEMBERSIHKAN', 34, 0),
(299, 'MEMPERSIAPKAN CAMPURAN DASAR', 34, 0),
(300, 'MENCAMPUR BAHAN BASAH/SEMI BASAH', 34, 0),
(301, 'MENCAMPUR BAHAN KERING', 34, 0),
(302, 'MEMILIH BAHAN, CARA DAN PERALATAN PENCAMPURAN', 34, 0),
(303, 'MENGOPERASIKAN PROSES PENGEMASAN', 34, 0),
(304, 'Evaluasi Program', 34, 0),
(305, 'Pre Test', 35, 0),
(306, 'MELAKUKAN PROSES PEMOTONGAN', 35, 0),
(307, 'MENERAPKAN SISTEM DAN PROSEDUR KESELAMATAN DAN KESEHATAN (K3)', 35, 0),
(308, 'MENGOPERASIKAN PROSES PENGEMASAN', 35, 0),
(309, 'MENGIKUTI PROSEDUR KERJA MENJAGA PRAKTIK PENGOLAHAN YANG BAIK (GMP)', 35, 0),
(310, 'MEMBERSIHKAN DAN SANITASI PERALATAN', 35, 0),
(311, 'MENGOPERASIKAN PROSES PRODUKSI', 35, 0),
(312, 'Evaluasi Program', 35, 0),
(313, 'Pre Test', 36, 0),
(314, 'MENGADAKAN/MEMBELI STOK BAHAN BAKU DAN BAHAN LAIN', 36, 0),
(315, 'MENERAPKAN SISTEM DAN PROSEDUR KESELAMATAN DAN KESEHATAN (K3)', 36, 0),
(316, 'MENGOPERASIKAN PROSES PENGEMASAN', 36, 0),
(317, 'MENCAMPUR BAHAN BASAH/SEMI BASAH', 36, 0),
(318, 'MENGOPERASIKAN PROSES PRODUKSI', 36, 0),
(319, 'MENGOPERASIKAN PROSES FERMENTASI PADA MEDIA CAIR', 36, 0),
(320, 'MENGIKUTI PROSEDUR KERJA MENJAGA PRAKTIK PENGOLAHAN YANG BAIK (GMP)', 36, 0),
(321, 'MEMBERSIHKAN DAN SANITASI PERALATAN', 36, 0),
(322, 'Evaluasi Program', 36, 0),
(323, 'Pre Test', 37, 0),
(324, 'MENGIKUTI PROSEDUR KESEHATAN, KESELAMATAN DAN KEAMANAN DI TEMPAT KERJA', 37, 0),
(325, 'MENYIAPKAN PASTRY, KUE DAN MAKANAN YANG MENGANDUNG RAGI', 37, 0),
(326, 'MENYEDIAKAN PERTOLONGAN PERTAMA', 37, 0),
(327, 'MELAKUKAN KERJASAMA DENGAN KOLEGA DAN PELANGGAN', 37, 0),
(328, 'MENGORGANISIR DAN MENYIAPKAN MAKANAN', 37, 0),
(329, 'MENYAJIKAN MAKANAN', 37, 0),
(330, 'MEMBERSIHKAN LOKASI/AREA DAN PERALATAN DAPUR', 37, 0),
(331, 'MENGGUNAKAN METODE DASAR MEMASAK', 37, 0),
(332, 'Evaluasi Program', 37, 0),
(333, 'Pre Test', 38, 0),
(334, 'MELAKUKAN KOMUNIKASI LISAN DALAM BAHASA INGGRIS PADA TINGKAT OPERASIONAL DASAR', 38, 0),
(335, 'MEMBACA DALAM BAHASA INGGRIS PADA TINGKAT OPERASIONAL DASAR', 38, 0),
(336, 'MENULIS PESAN SINGKAT DALAM BAHASA INGGRIS', 38, 0),
(337, 'MEMBERIKAN LAYANAN KEPADA PELANGGAN', 38, 0),
(338, 'MEMPRODUKSI DOKUMEN', 38, 0),
(339, 'MENANGANI PENERIMAAN DAN PENGIRIMAN DOKUMEN/SURAT', 38, 0),
(340, 'MENGATUR PENGGANDAAN DAN PENGUMPULAN DOKUMEN', 38, 0),
(341, 'MENCIPTAKAN DOKUMEN/LEMBAR KERJA SEDERHANA', 38, 0),
(342, 'MENERAPKAN PROSEDUR K3 PERKANTORAN', 38, 0),
(343, 'MEMINIMALISIR PENCURIAN', 38, 0),
(344, 'MENGELOLA ARSIP', 38, 0),
(345, 'MEMPERSIAPKAN DOKUMEN PERJALANAN DINAS', 38, 0),
(346, 'MENGATUR AKOMODASI DAN TRANSPORTASI PERJALANAN DINAS', 38, 0),
(347, 'MENGELOLA JADWAL KEGIATAN PIMPINAN', 38, 0),
(348, 'MENGATUR RAPAT/PERTEMUAN', 38, 0),
(349, 'MELAKUKAN KOMUNIKASI MELALUI TELEPON', 38, 0),
(350, 'MELAKUKAN KOMUNIKASI LISAN DENGAN KOLEGA/PELANGGAN', 38, 0),
(351, 'MENGGUNAKAN PERALATAN KOMUNIKASI', 38, 0),
(352, 'MEMELIHARA DATA DI KOMPUTER', 38, 0),
(353, 'MEMENUHI KEBUTUHAN PELANGGAN', 38, 0),
(354, 'MENGOPERASIKAN APLIKASI PERANGKAT LUNAK', 38, 0),
(355, 'MENGGUNAKAN PERALATAN DAN SUMBERDAYA KERJA', 38, 0),
(356, 'MENGAKSES DATA DI KOMPUTER', 38, 0),
(357, 'MEMBUAT SURAT/DOKUMEN ELEKTRONIK', 38, 0),
(358, 'MENGELOLA KAS KECIL', 38, 0),
(359, 'Evaluasi Program', 38, 0);

-- --------------------------------------------------------

--
-- Struktur dari tabel `settings`
--

CREATE TABLE `settings` (
  `id` int(11) UNSIGNED NOT NULL,
  `key` varchar(255) COLLATE utf8_unicode_ci DEFAULT NULL,
  `value` longtext COLLATE utf8_unicode_ci DEFAULT NULL
) ENGINE=InnoDB DEFAULT CHARSET=utf8 COLLATE=utf8_unicode_ci;

--
-- Dumping data untuk tabel `settings`
--

INSERT INTO `settings` (`id`, `key`, `value`) VALUES
(1, 'language', 'id'),
(2, 'system_name', 'BLK Subang'),
(3, 'system_title', 'BLK subang'),
(4, 'system_email', 'academy@blk.com'),
(5, 'address', 'Bandung'),
(6, 'phone', '+628'),
(7, 'purchase_code', 'your-purchase-code'),
(8, 'paypal', '[{\"active\":\"1\",\"mode\":\"sandbox\",\"sandbox_client_id\":\"AfGaziKslex-scLAyYdDYXNFaz2aL5qGau-SbDgE_D2E80D3AFauLagP8e0kCq9au7W4IasmFbirUUYc\",\"sandbox_secret_key\":\"EMa5pCTuOpmHkhHaCGibGhVUcKg0yt5-C3CzJw-OWJCzaXXzTlyD17SICob_BkfM_0Nlk7TWnN42cbGz\",\"production_client_id\":\"1234\",\"production_secret_key\":\"12345\"}]'),
(9, 'stripe_keys', '[{\"active\":\"1\",\"testmode\":\"on\",\"public_key\":\"pk_test_CAC3cB1mhgkJqXtypYBTGb4f\",\"secret_key\":\"sk_test_iatnshcHhQVRXdygXw3L2Pp2\",\"public_live_key\":\"pk_live_xxxxxxxxxxxxxxxxxxxxxxxx\",\"secret_live_key\":\"sk_live_xxxxxxxxxxxxxxxxxxxxxxxx\"}]'),
(10, 'youtube_api_key', 'youtube-api-key'),
(11, 'vimeo_api_key', 'vimeo-api-key'),
(12, 'slogan', 'Cara Baru Balai Latihan Kerja'),
(13, 'text_align', NULL),
(14, 'allow_instructor', '1'),
(15, 'instructor_revenue', '70'),
(16, 'system_currency', 'USD'),
(17, 'paypal_currency', 'USD'),
(18, 'stripe_currency', 'USD'),
(19, 'author', 'BLK Subang'),
(20, 'currency_position', 'left'),
(21, 'website_description', 'isikan deskripsi website disini'),
(22, 'website_keywords', 'blk,subang'),
(23, 'footer_text', ''),
(24, 'footer_link', ''),
(25, 'protocol', 'smtp'),
(26, 'smtp_host', 'ssl://smtp.gmail.com'),
(27, 'smtp_port', '465'),
(28, 'smtp_user', 'Your-email'),
(29, 'smtp_pass', 'Your-email-password'),
(30, 'version', '5.6'),
(31, 'student_email_verification', 'disable'),
(32, 'instructor_application_note', 'Fill all the fields carefully and share if you want to share any document with us it will help us to evaluate you as an instructor.'),
(33, 'razorpay_keys', '[{\"active\":\"1\",\"key\":\"rzp_test_J60bqBOi1z1aF5\",\"secret_key\":\"uk935K7p4j96UCJgHK8kAU4q\",\"theme_color\":\"#c7a600\"}]'),
(34, 'razorpay_currency', 'USD'),
(35, 'fb_app_id', 'facebook-app-id'),
(36, 'fb_app_secret', 'facebook-app-secret-key'),
(37, 'fb_social_login', '1'),
(38, 'drip_content_settings', '{\"lesson_completion_role\":\"percentage\",\"minimum_duration\":10,\"minimum_percentage\":\"50\",\"locked_lesson_message\":\"&lt;h3 xss=&quot;removed&quot; style=&quot;text-align: center; &quot;&gt;&lt;span xss=&quot;removed&quot;&gt;&lt;strong&gt;Permission denied!&lt;\\/strong&gt;&lt;\\/span&gt;&lt;\\/h3&gt;&lt;p xss=&quot;removed&quot; style=&quot;text-align: center; &quot;&gt;&lt;span xss=&quot;removed&quot;&gt;This course supports drip content, so you must complete the previous lessons.&lt;\\/span&gt;&lt;\\/p&gt;\"}'),
(39, 'certificate_template', 'This is to certify that Mr. / Ms. {student} successfully completed the course with on certificate for {course}.'),
(40, 'certificate-text-positons', '\n     \n      \n      \n      &lt;div class=&quot;this-template&quot; style=&quot;width: 750px; position: relative;&quot;&gt;\n       &lt;img width=&quot;100%&quot; src=&quot;..\\..\\uploads/certificates/template.jpg&quot;&gt;\n        &lt;div class=&quot;draggable student_name&quot; style=&quot;position: absolute; font-family: Italianno, cursive; font-size: 25px; top: 390px; left: 63px;&quot;&gt;{student}&lt;/div&gt;\n       &lt;div class=&quot;draggable course_completion_date&quot; style=&quot;position: absolute; font-family: Italianno, cursive; font-size: 25px; top: 389px; left: 559px;&quot;&gt;{date}&lt;/div&gt;\n       &lt;div class=&quot;draggable certificate_text&quot; style=&quot;position: absolute; width: 500px; text-align: center; font-size: 20px; top: 230px; left: 123px;&quot;&gt;This is to certify that Mr. / Ms. {student} successfully completed the course with on certificate for {course}.&lt;/div&gt;\n       &lt;div class=&quot;draggable qrCode&quot; style=&quot;position: absolute; width: 65px; height: 65px; text-align: center; font-size: 20px; top: 306px; left: 338px;&quot;&gt;&lt;p style=&quot;text-align: center; padding: 4px 0px;&quot;&gt;Qr code&lt;/p&gt;&lt;/div&gt;\n     &lt;/div&gt;\n                '),
(41, 'course_accessibility', 'publicly');

-- --------------------------------------------------------

--
-- Struktur dari tabel `tag`
--

CREATE TABLE `tag` (
  `id` int(11) UNSIGNED NOT NULL,
  `tag` varchar(255) COLLATE utf8_unicode_ci DEFAULT NULL,
  `tagable_id` int(11) DEFAULT NULL,
  `tagable_type` varchar(255) COLLATE utf8_unicode_ci DEFAULT NULL,
  `date_added` int(11) DEFAULT NULL,
  `last_modified` int(11) DEFAULT NULL
) ENGINE=InnoDB DEFAULT CHARSET=utf8 COLLATE=utf8_unicode_ci;

-- --------------------------------------------------------

--
-- Struktur dari tabel `users`
--

CREATE TABLE `users` (
  `id` int(11) UNSIGNED NOT NULL,
  `first_name` varchar(255) COLLATE utf8_unicode_ci DEFAULT NULL,
  `last_name` varchar(255) COLLATE utf8_unicode_ci DEFAULT NULL,
  `email` varchar(50) COLLATE utf8_unicode_ci DEFAULT NULL,
  `password` varchar(255) COLLATE utf8_unicode_ci DEFAULT NULL,
  `skills` longtext COLLATE utf8_unicode_ci NOT NULL,
  `social_links` longtext COLLATE utf8_unicode_ci DEFAULT NULL,
  `biography` varchar(255) COLLATE utf8_unicode_ci DEFAULT NULL,
  `birth` int(11) DEFAULT NULL,
  `role_id` int(11) DEFAULT NULL,
  `birthplace` varchar(255) COLLATE utf8_unicode_ci DEFAULT NULL,
  `sex` varchar(255) COLLATE utf8_unicode_ci DEFAULT NULL,
  `address` longtext COLLATE utf8_unicode_ci DEFAULT NULL,
  `education` varchar(255) COLLATE utf8_unicode_ci DEFAULT NULL,
  `contact` varchar(255) COLLATE utf8_unicode_ci DEFAULT NULL,
  `parent` varchar(255) COLLATE utf8_unicode_ci DEFAULT NULL,
  `designation` varchar(255) COLLATE utf8_unicode_ci DEFAULT NULL,
  `experience` longtext COLLATE utf8_unicode_ci DEFAULT NULL,
  `information` varchar(255) COLLATE utf8_unicode_ci DEFAULT NULL,
  `date_added` int(11) DEFAULT NULL,
  `last_modified` int(11) DEFAULT NULL,
  `wishlist` longtext COLLATE utf8_unicode_ci DEFAULT NULL,
  `title` longtext COLLATE utf8_unicode_ci DEFAULT NULL,
  `payment_keys` longtext COLLATE utf8_unicode_ci NOT NULL,
  `verification_code` longtext COLLATE utf8_unicode_ci DEFAULT NULL,
  `status` int(11) DEFAULT NULL,
  `is_instructor` int(11) DEFAULT 0,
  `image` varchar(255) COLLATE utf8_unicode_ci DEFAULT NULL
) ENGINE=InnoDB DEFAULT CHARSET=utf8 COLLATE=utf8_unicode_ci;

--
-- Dumping data untuk tabel `users`
--

INSERT INTO `users` (`id`, `first_name`, `last_name`, `email`, `password`, `skills`, `social_links`, `biography`, `birth`, `role_id`, `birthplace`, `sex`, `address`, `education`, `contact`, `parent`, `designation`, `experience`, `information`, `date_added`, `last_modified`, `wishlist`, `title`, `payment_keys`, `verification_code`, `status`, `is_instructor`, `image`) VALUES
(1, 'super', 'admin', 'superadmin@example.com', '7110eda4d09e062aa5e4a390b0a572ac0d2c0220', '', '{\"facebook\":\"\",\"twitter\":\"\",\"linkedin\":\"\"}', NULL, 0, 1, NULL, NULL, NULL, NULL, NULL, NULL, NULL, NULL, NULL, NULL, NULL, NULL, NULL, '', NULL, 1, 1, NULL),
(4, 'Admin', 'BLK', 'admin@blk.com', '7110eda4d09e062aa5e4a390b0a572ac0d2c0220', '', '{\"facebook\":\"\",\"twitter\":\"\",\"linkedin\":\"\"}', '', 0, 1, NULL, NULL, NULL, NULL, NULL, NULL, NULL, NULL, NULL, 1668552538, NULL, '[]', NULL, '{\"paypal\":{\"production_client_id\":null,\"production_secret_key\":null},\"stripe\":{\"public_live_key\":null,\"secret_live_key\":null},\"razorpay\":{\"key_id\":null,\"secret_key\":null}}', NULL, 1, 1, 'ce630cca5ff1a6d99b507a8316f7b3f7'),
(7, 'Ade', 'Suhendar, S.T', 'ade.suhendar037@gmail.com', '7110eda4d09e062aa5e4a390b0a572ac0d2c0220', '', '{\"facebook\":\"\",\"twitter\":\"\",\"linkedin\":\"\"}', '', 0, 2, NULL, NULL, NULL, NULL, NULL, NULL, NULL, NULL, NULL, 1668591488, 1668591512, '[]', '', '{\"paypal\":{\"production_client_id\":\"\",\"production_secret_key\":\"\"},\"stripe\":{\"public_live_key\":\"\",\"secret_live_key\":\"\"},\"razorpay\":{\"key_id\":\"\",\"secret_key\":\"\"}}', NULL, 1, 1, '515ba267a05cf205e6c35f831598ab7b'),
(8, 'Chandra', 'Trihandoko, S.T', 'chandhand43@gmail.com', '7110eda4d09e062aa5e4a390b0a572ac0d2c0220', '', '{\"facebook\":\"\",\"twitter\":\"\",\"linkedin\":\"\"}', '', 0, 2, NULL, NULL, NULL, NULL, NULL, NULL, NULL, NULL, NULL, 1668591615, NULL, '[]', NULL, '{\"paypal\":{\"production_client_id\":\"\",\"production_secret_key\":\"\"},\"stripe\":{\"public_live_key\":\"\",\"secret_live_key\":\"\"},\"razorpay\":{\"key_id\":\"\",\"secret_key\":\"\"}}', NULL, 1, 1, '025ed9af453f58b07405245b2707de67'),
(9, 'Yeppi', 'Hendrayana, S.T', 'yeppikurawa@gmail.com', '7110eda4d09e062aa5e4a390b0a572ac0d2c0220', '', '{\"facebook\":\"\",\"twitter\":\"\",\"linkedin\":\"\"}', '', 0, 2, NULL, NULL, NULL, NULL, NULL, NULL, NULL, NULL, NULL, 1668591707, NULL, '[]', NULL, '{\"paypal\":{\"production_client_id\":\"\",\"production_secret_key\":\"\"},\"stripe\":{\"public_live_key\":\"\",\"secret_live_key\":\"\"},\"razorpay\":{\"key_id\":\"\",\"secret_key\":\"\"}}', NULL, 1, 1, '5bf6da9a347f37e729afefbaf2cb3675'),
(10, 'Fatkhurochman', 'S.T', 'fathurabdullah31@gmail.com', '7110eda4d09e062aa5e4a390b0a572ac0d2c0220', '', '{\"facebook\":\"\",\"twitter\":\"\",\"linkedin\":\"\"}', '', 0, 2, NULL, NULL, NULL, NULL, NULL, NULL, NULL, NULL, NULL, 1668591806, NULL, '[]', NULL, '{\"paypal\":{\"production_client_id\":\"\",\"production_secret_key\":\"\"},\"stripe\":{\"public_live_key\":\"\",\"secret_live_key\":\"\"},\"razorpay\":{\"key_id\":\"\",\"secret_key\":\"\"}}', NULL, 1, 1, 'b40252414be87ccaecc650da87deff46'),
(11, 'Srikanti', 'Astuti, S.T', '20srikanti@gmail.com', '7110eda4d09e062aa5e4a390b0a572ac0d2c0220', '', '{\"facebook\":\"\",\"twitter\":\"\",\"linkedin\":\"\"}', '', 0, 2, NULL, NULL, NULL, NULL, NULL, NULL, NULL, NULL, NULL, 1668591909, NULL, '[]', NULL, '{\"paypal\":{\"production_client_id\":\"\",\"production_secret_key\":\"\"},\"stripe\":{\"public_live_key\":\"\",\"secret_live_key\":\"\"},\"razorpay\":{\"key_id\":\"\",\"secret_key\":\"\"}}', NULL, 1, 1, 'b76c08e6babe12563d1261e4d51b4527'),
(12, 'Tika', 'Nurkamilah, S.Pd', 'tikanurkamilah@gmail.com', '7110eda4d09e062aa5e4a390b0a572ac0d2c0220', '', '{\"facebook\":\"\",\"twitter\":\"\",\"linkedin\":\"\"}', '', 0, 2, NULL, NULL, NULL, NULL, NULL, NULL, NULL, NULL, NULL, 1668591996, NULL, '[]', NULL, '{\"paypal\":{\"production_client_id\":\"\",\"production_secret_key\":\"\"},\"stripe\":{\"public_live_key\":\"\",\"secret_live_key\":\"\"},\"razorpay\":{\"key_id\":\"\",\"secret_key\":\"\"}}', NULL, 1, 1, 'b4b466000819b08558c5d38fdfcd205f'),
(13, 'Ruyat', 'Maulana, S.T', 'ruyatmaulana@yahoo.co.id', '7110eda4d09e062aa5e4a390b0a572ac0d2c0220', '', '{\"facebook\":\"\",\"twitter\":\"\",\"linkedin\":\"\"}', '', 0, 2, NULL, NULL, NULL, NULL, NULL, NULL, NULL, NULL, NULL, 1668592215, NULL, '[]', NULL, '{\"paypal\":{\"production_client_id\":\"\",\"production_secret_key\":\"\"},\"stripe\":{\"public_live_key\":\"\",\"secret_live_key\":\"\"},\"razorpay\":{\"key_id\":\"\",\"secret_key\":\"\"}}', NULL, 1, 1, '03e752c28607c605f6bddf3ebdc2212e'),
(14, 'Agus', 'Wahyudin, S.T', 'arsyaalfaridzi24@gmail.com', '7110eda4d09e062aa5e4a390b0a572ac0d2c0220', '', '{\"facebook\":\"\",\"twitter\":\"\",\"linkedin\":\"\"}', '', 0, 2, NULL, NULL, NULL, NULL, NULL, NULL, NULL, NULL, NULL, 1668592321, NULL, '[]', NULL, '{\"paypal\":{\"production_client_id\":\"\",\"production_secret_key\":\"\"},\"stripe\":{\"public_live_key\":\"\",\"secret_live_key\":\"\"},\"razorpay\":{\"key_id\":\"\",\"secret_key\":\"\"}}', NULL, 1, 1, '4d399b8c59eb471182dcf3e49775df41'),
(15, 'Iyan', 'Rosdiana', 'iyanrosdiana40@gmail.com', '7110eda4d09e062aa5e4a390b0a572ac0d2c0220', '', '{\"facebook\":\"\",\"twitter\":\"\",\"linkedin\":\"\"}', '', 0, 2, NULL, NULL, NULL, NULL, NULL, NULL, NULL, NULL, NULL, 1668592421, NULL, '[]', NULL, '{\"paypal\":{\"production_client_id\":\"\",\"production_secret_key\":\"\"},\"stripe\":{\"public_live_key\":\"\",\"secret_live_key\":\"\"},\"razorpay\":{\"key_id\":\"\",\"secret_key\":\"\"}}', NULL, 1, 1, '7f831a0c830fa9bb74144bc9e83fd2ab'),
(16, 'Andri', 'Permana, S.T', '219andripermana@gmail.com', '7110eda4d09e062aa5e4a390b0a572ac0d2c0220', '', '{\"facebook\":\"\",\"twitter\":\"\",\"linkedin\":\"\"}', '', 0, 2, NULL, NULL, NULL, NULL, NULL, NULL, NULL, NULL, NULL, 1668592500, NULL, '[]', NULL, '{\"paypal\":{\"production_client_id\":\"\",\"production_secret_key\":\"\"},\"stripe\":{\"public_live_key\":\"\",\"secret_live_key\":\"\"},\"razorpay\":{\"key_id\":\"\",\"secret_key\":\"\"}}', NULL, 1, 1, '7c9c952baab525bf1aefb02786ad8fe0'),
(17, 'Friady', 'Gumilar, S.T', 'friady.gumilar@gmail.com', '7110eda4d09e062aa5e4a390b0a572ac0d2c0220', '', '{\"facebook\":\"\",\"twitter\":\"\",\"linkedin\":\"\"}', '', 0, 2, NULL, NULL, NULL, NULL, NULL, NULL, NULL, NULL, NULL, 1668592568, NULL, '[]', NULL, '{\"paypal\":{\"production_client_id\":\"\",\"production_secret_key\":\"\"},\"stripe\":{\"public_live_key\":\"\",\"secret_live_key\":\"\"},\"razorpay\":{\"key_id\":\"\",\"secret_key\":\"\"}}', NULL, 1, 1, 'b8b5d0a0fb069ba41ae9bba6930c2f19'),
(18, 'Ade', 'Sukarna', 'colde.doanx@gmail.com', '7110eda4d09e062aa5e4a390b0a572ac0d2c0220', '', '{\"facebook\":\"\",\"twitter\":\"\",\"linkedin\":\"\"}', '', 0, 2, NULL, NULL, NULL, NULL, NULL, NULL, NULL, NULL, NULL, 1668592633, NULL, '[]', NULL, '{\"paypal\":{\"production_client_id\":\"\",\"production_secret_key\":\"\"},\"stripe\":{\"public_live_key\":\"\",\"secret_live_key\":\"\"},\"razorpay\":{\"key_id\":\"\",\"secret_key\":\"\"}}', NULL, 1, 1, '6a5644f389a13ca6a371db78c25ea6a8'),
(19, 'Jajang', 'Gunawan, A.Md', 'gunawanjajang260@gmail.com', '7110eda4d09e062aa5e4a390b0a572ac0d2c0220', '', '{\"facebook\":\"\",\"twitter\":\"\",\"linkedin\":\"\"}', '', 0, 2, NULL, NULL, NULL, NULL, NULL, NULL, NULL, NULL, NULL, 1668592721, NULL, '[]', NULL, '{\"paypal\":{\"production_client_id\":\"\",\"production_secret_key\":\"\"},\"stripe\":{\"public_live_key\":\"\",\"secret_live_key\":\"\"},\"razorpay\":{\"key_id\":\"\",\"secret_key\":\"\"}}', NULL, 1, 1, '0ffa1366c42513f6dedb174746ee6de9'),
(20, 'Rully', 'Johan, A.Md', 'rullyjohan04@gmail.com', '7110eda4d09e062aa5e4a390b0a572ac0d2c0220', '', '{\"facebook\":\"\",\"twitter\":\"\",\"linkedin\":\"\"}', '', 0, 2, NULL, NULL, NULL, NULL, NULL, NULL, NULL, NULL, NULL, 1668592787, NULL, '[]', NULL, '{\"paypal\":{\"production_client_id\":\"\",\"production_secret_key\":\"\"},\"stripe\":{\"public_live_key\":\"\",\"secret_live_key\":\"\"},\"razorpay\":{\"key_id\":\"\",\"secret_key\":\"\"}}', NULL, 1, 1, '232c1ff757bc19a59fd023b6c7d8849a'),
(21, 'Agus', 'Hermawan', 'agushermawan070485@gmail.com', '7110eda4d09e062aa5e4a390b0a572ac0d2c0220', '', '{\"facebook\":\"\",\"twitter\":\"\",\"linkedin\":\"\"}', '', 0, 2, NULL, NULL, NULL, NULL, NULL, NULL, NULL, NULL, NULL, 1668592864, NULL, '[]', NULL, '{\"paypal\":{\"production_client_id\":\"\",\"production_secret_key\":\"\"},\"stripe\":{\"public_live_key\":\"\",\"secret_live_key\":\"\"},\"razorpay\":{\"key_id\":\"\",\"secret_key\":\"\"}}', NULL, 1, 1, '464ebb68721f7c92e13451eabed61c24'),
(22, 'Lena', 'Manti Hutasoit, S.Pd', 'lenamanti98@gmail.com', '7110eda4d09e062aa5e4a390b0a572ac0d2c0220', '', '{\"facebook\":\"\",\"twitter\":\"\",\"linkedin\":\"\"}', '', 0, 2, NULL, NULL, NULL, NULL, NULL, NULL, NULL, NULL, NULL, 1668592935, NULL, '[]', NULL, '{\"paypal\":{\"production_client_id\":\"\",\"production_secret_key\":\"\"},\"stripe\":{\"public_live_key\":\"\",\"secret_live_key\":\"\"},\"razorpay\":{\"key_id\":\"\",\"secret_key\":\"\"}}', NULL, 1, 1, '7222617b366965aade18b4d724cda63e'),
(23, 'Aip', 'Supriadi', 'aipsupriadi882@gmail.com', '7110eda4d09e062aa5e4a390b0a572ac0d2c0220', '', '{\"facebook\":\"\",\"twitter\":\"\",\"linkedin\":\"\"}', '', 0, 2, NULL, NULL, NULL, NULL, NULL, NULL, NULL, NULL, NULL, 1668593002, NULL, '[]', NULL, '{\"paypal\":{\"production_client_id\":\"\",\"production_secret_key\":\"\"},\"stripe\":{\"public_live_key\":\"\",\"secret_live_key\":\"\"},\"razorpay\":{\"key_id\":\"\",\"secret_key\":\"\"}}', NULL, 1, 1, 'd2e1ae9276b7ec38877fdc93d1278417'),
(24, 'Asep', 'Galih Miftah Faridz, S.T', 'galihasep115@gmail.com', '7110eda4d09e062aa5e4a390b0a572ac0d2c0220', '', '{\"facebook\":\"\",\"twitter\":\"\",\"linkedin\":\"\"}', '', 0, 2, NULL, NULL, NULL, NULL, NULL, NULL, NULL, NULL, NULL, 1668593078, NULL, '[]', NULL, '{\"paypal\":{\"production_client_id\":\"\",\"production_secret_key\":\"\"},\"stripe\":{\"public_live_key\":\"\",\"secret_live_key\":\"\"},\"razorpay\":{\"key_id\":\"\",\"secret_key\":\"\"}}', NULL, 1, 1, 'b1d8822c18843e547bde9a0b8a29e7a4'),
(25, 'Herlan', 'Jauherlan', 'herlanjauherlan66@gmail.com', '7110eda4d09e062aa5e4a390b0a572ac0d2c0220', '', '{\"facebook\":\"\",\"twitter\":\"\",\"linkedin\":\"\"}', '', 0, 2, NULL, NULL, NULL, NULL, NULL, NULL, NULL, NULL, NULL, 1668593142, NULL, '[]', NULL, '{\"paypal\":{\"production_client_id\":\"\",\"production_secret_key\":\"\"},\"stripe\":{\"public_live_key\":\"\",\"secret_live_key\":\"\"},\"razorpay\":{\"key_id\":\"\",\"secret_key\":\"\"}}', NULL, 1, 1, 'a5ecd6ec9fef83f9cf435c8788aaeed6'),
(26, 'Agus', 'Ruhidin, S.AN', 'agusruhidi@gmail.com', '7110eda4d09e062aa5e4a390b0a572ac0d2c0220', '', '{\"facebook\":\"\",\"twitter\":\"\",\"linkedin\":\"\"}', '', 0, 2, NULL, NULL, NULL, NULL, NULL, NULL, NULL, NULL, NULL, 1668593207, NULL, '[]', NULL, '{\"paypal\":{\"production_client_id\":\"\",\"production_secret_key\":\"\"},\"stripe\":{\"public_live_key\":\"\",\"secret_live_key\":\"\"},\"razorpay\":{\"key_id\":\"\",\"secret_key\":\"\"}}', NULL, 1, 1, '1401776d8739e6a68ee896ce16deca57'),
(27, 'Titim', 'Khatimah, S.AN', 'titimkhatimah73@gmail.com', '7110eda4d09e062aa5e4a390b0a572ac0d2c0220', '', '{\"facebook\":\"\",\"twitter\":\"\",\"linkedin\":\"\"}', '', 0, 2, NULL, NULL, NULL, NULL, NULL, NULL, NULL, NULL, NULL, 1668593303, NULL, '[]', NULL, '{\"paypal\":{\"production_client_id\":\"\",\"production_secret_key\":\"\"},\"stripe\":{\"public_live_key\":\"\",\"secret_live_key\":\"\"},\"razorpay\":{\"key_id\":\"\",\"secret_key\":\"\"}}', NULL, 1, 1, '6d4fb3245c363152b6dee2ee8138f65b'),
(28, 'Iwang', 'Patnawangsih, S.Pd', 'iwangpatnawangsih1979@gmail.com', '7110eda4d09e062aa5e4a390b0a572ac0d2c0220', '', '{\"facebook\":\"\",\"twitter\":\"\",\"linkedin\":\"\"}', '', 0, 2, NULL, NULL, NULL, NULL, NULL, NULL, NULL, NULL, NULL, 1668593398, NULL, '[]', NULL, '{\"paypal\":{\"production_client_id\":\"\",\"production_secret_key\":\"\"},\"stripe\":{\"public_live_key\":\"\",\"secret_live_key\":\"\"},\"razorpay\":{\"key_id\":\"\",\"secret_key\":\"\"}}', NULL, 1, 1, '17f7a9e14d8dc18db942718434ea7047'),
(29, 'Edik', 'Hassan Sodikin, S.E', 'edikhassan21@gmail.com', '7110eda4d09e062aa5e4a390b0a572ac0d2c0220', '', '{\"facebook\":\"\",\"twitter\":\"\",\"linkedin\":\"\"}', '', 0, 2, NULL, NULL, NULL, NULL, NULL, NULL, NULL, NULL, NULL, 1668593464, NULL, '[]', NULL, '{\"paypal\":{\"production_client_id\":\"\",\"production_secret_key\":\"\"},\"stripe\":{\"public_live_key\":\"\",\"secret_live_key\":\"\"},\"razorpay\":{\"key_id\":\"\",\"secret_key\":\"\"}}', NULL, 1, 1, 'cc31aff2be76da53be7604841e974af4'),
(30, 'Hedy', 'Noviandi, S.E', 'Jepri.noviandi@yahoo.com', '7110eda4d09e062aa5e4a390b0a572ac0d2c0220', '', '{\"facebook\":\"\",\"twitter\":\"\",\"linkedin\":\"\"}', '', 0, 2, NULL, NULL, NULL, NULL, NULL, NULL, NULL, NULL, NULL, 1668593538, NULL, '[]', NULL, '{\"paypal\":{\"production_client_id\":\"\",\"production_secret_key\":\"\"},\"stripe\":{\"public_live_key\":\"\",\"secret_live_key\":\"\"},\"razorpay\":{\"key_id\":\"\",\"secret_key\":\"\"}}', NULL, 1, 1, '4fa3c173c212586266233f12097ddb7b'),
(31, 'Arifin', 'A.Md', 'aripday835@gmail.com', '7110eda4d09e062aa5e4a390b0a572ac0d2c0220', '', '{\"facebook\":\"\",\"twitter\":\"\",\"linkedin\":\"\"}', '', 0, 2, NULL, NULL, NULL, NULL, NULL, NULL, NULL, NULL, NULL, 1668597308, NULL, '[]', NULL, '{\"paypal\":{\"production_client_id\":\"\",\"production_secret_key\":\"\"},\"stripe\":{\"public_live_key\":\"\",\"secret_live_key\":\"\"},\"razorpay\":{\"key_id\":\"\",\"secret_key\":\"\"}}', NULL, 1, 1, '4242642a826f3b6d6399dc78e63ef747'),
(32, 'chu', 'Kuswandi', 'ucukuswandhie@gmail.com', '7c4a8d09ca3762af61e59520943dc26494f8941b', '', '{\"facebook\":\"\",\"twitter\":\"\",\"linkedin\":\"\"}', NULL, 0, 3, NULL, NULL, NULL, NULL, NULL, NULL, NULL, NULL, NULL, 1668604682, NULL, '[\"3\"]', NULL, '{\"paypal\":{\"production_client_id\":\"\",\"production_secret_key\":\"\"},\"stripe\":{\"public_live_key\":\"\",\"secret_live_key\":\"\"},\"razorpay\":{\"key_id\":\"\",\"secret_key\":\"\"}}', '196413', 1, 0, NULL),
(33, 'taufiq', 'ismail', 'taufiq.ismail@gmail.com', '7110eda4d09e062aa5e4a390b0a572ac0d2c0220', '', '{\"facebook\":null,\"twitter\":null,\"linkedin\":null}', NULL, 1987, 3, 'Bandung', NULL, 'disini aja', 'S1', '0858092733', 'Bapak Aku', 'Belum Menikah', 'gak punya', 'Website BLK', 1669588765, 1670748461, '[]', NULL, '{\"paypal\":{\"production_client_id\":null,\"production_secret_key\":null},\"stripe\":{\"public_live_key\":null,\"secret_live_key\":null},\"razorpay\":{\"key_id\":null,\"secret_key\":null}}', NULL, 1, 0, '76934156975989b2509ccc42ee520121'),
(34, 'super', 'instruktur', 'superinstruktur@example.com', '7110eda4d09e062aa5e4a390b0a572ac0d2c0220', '', '{\"facebook\":\"\",\"twitter\":\"\",\"linkedin\":\"\"}', '', 0, 2, NULL, NULL, NULL, NULL, NULL, NULL, NULL, NULL, NULL, 1669593762, NULL, '[]', NULL, '{\"paypal\":{\"production_client_id\":\"\",\"production_secret_key\":\"\"},\"stripe\":{\"public_live_key\":\"\",\"secret_live_key\":\"\"},\"razorpay\":{\"key_id\":\"\",\"secret_key\":\"\"}}', NULL, 1, 1, '3bbd4f57ae012259b08340243dafd790'),
(38, 'asep', 'sunara', 'asep@gmail.com', '8cb2237d0679ca88db6464eac60da96345513964', '', '{\"facebook\":null,\"twitter\":null,\"linkedin\":null}', 'subang', 0, 3, NULL, NULL, NULL, NULL, NULL, NULL, NULL, NULL, NULL, 1669855830, 1670662078, '[]', NULL, '{\"paypal\":{\"production_client_id\":null,\"production_secret_key\":null},\"stripe\":{\"public_live_key\":null,\"secret_live_key\":null},\"razorpay\":{\"key_id\":null,\"secret_key\":null}}', '169615', 1, 0, NULL),
(39, 'Mulki', 'Diki', 'mulki@gmail.com', '8cb2237d0679ca88db6464eac60da96345513964', '', '{\"facebook\":\"\",\"twitter\":\"\",\"linkedin\":\"\"}', NULL, 0, 3, NULL, NULL, NULL, NULL, NULL, NULL, NULL, NULL, NULL, 1669856219, NULL, '[]', NULL, '{\"paypal\":{\"production_client_id\":\"\",\"production_secret_key\":\"\"},\"stripe\":{\"public_live_key\":\"\",\"secret_live_key\":\"\"},\"razorpay\":{\"key_id\":\"\",\"secret_key\":\"\"}}', '147105', 1, 0, NULL),
(40, 'onih', 'yayah', 'onih@gmail.com', '8cb2237d0679ca88db6464eac60da96345513964', '', '{\"facebook\":\"\",\"twitter\":\"\",\"linkedin\":\"\"}', NULL, 0, 3, NULL, NULL, NULL, NULL, NULL, NULL, NULL, NULL, NULL, 1669856301, NULL, '[]', NULL, '{\"paypal\":{\"production_client_id\":\"\",\"production_secret_key\":\"\"},\"stripe\":{\"public_live_key\":\"\",\"secret_live_key\":\"\"},\"razorpay\":{\"key_id\":\"\",\"secret_key\":\"\"}}', '162512', 1, 0, NULL),
(41, 'Usep Saepul Anwar', 'Anwar', 'usepmohenk@gmail.com', '16720b00db0ba2b6be53e355aed49dd69e57443c', '', '{\"facebook\":\"\",\"twitter\":\"\",\"linkedin\":\"\"}', NULL, 0, 3, NULL, NULL, NULL, NULL, NULL, NULL, NULL, NULL, NULL, 1669963820, NULL, '[]', NULL, '{\"paypal\":{\"production_client_id\":\"\",\"production_secret_key\":\"\"},\"stripe\":{\"public_live_key\":\"\",\"secret_live_key\":\"\"},\"razorpay\":{\"key_id\":\"\",\"secret_key\":\"\"}}', '187895', 1, 0, NULL),
(42, 'usep', 'Galih', 'usep@gmail.com', '8cb2237d0679ca88db6464eac60da96345513964', '', '{\"facebook\":\"\",\"twitter\":\"\",\"linkedin\":\"\"}', NULL, 0, 3, NULL, NULL, NULL, NULL, NULL, NULL, NULL, NULL, NULL, 1669969578, NULL, '[]', NULL, '{\"paypal\":{\"production_client_id\":\"\",\"production_secret_key\":\"\"},\"stripe\":{\"public_live_key\":\"\",\"secret_live_key\":\"\"},\"razorpay\":{\"key_id\":\"\",\"secret_key\":\"\"}}', '187756', 1, 0, NULL),
(43, 'DONI', 'NUGRAHA', 'doni@gmail.com', '7110eda4d09e062aa5e4a390b0a572ac0d2c0220', '', '{\"facebook\":null,\"twitter\":null,\"linkedin\":null}', NULL, 2002, 3, 'subang', 'Laki-laki', 'pl', 'S1', '00000000', 'koko', 'Belum Menikah', 'kmk', 'Website BLK', 1670500754, 1671018604, '[]', NULL, '{\"paypal\":{\"production_client_id\":null,\"production_secret_key\":null},\"stripe\":{\"public_live_key\":null,\"secret_live_key\":null},\"razorpay\":{\"key_id\":null,\"secret_key\":null}}', '175983', 1, 0, NULL),
(44, 'tes', 'tes lagi', 'tes@lagi.com', '7110eda4d09e062aa5e4a390b0a572ac0d2c0220', '', '{\"facebook\":\"\",\"twitter\":\"\",\"linkedin\":\"\"}', '', NULL, 3, NULL, NULL, NULL, NULL, NULL, NULL, NULL, NULL, NULL, 1670656614, NULL, '[]', NULL, '{\"paypal\":{\"production_client_id\":\"\",\"production_secret_key\":\"\"},\"stripe\":{\"public_live_key\":\"\",\"secret_live_key\":\"\"},\"razorpay\":{\"key_id\":\"\",\"secret_key\":\"\"}}', NULL, 1, 0, '2b468a339f70bada851aeea551fa8ce1'),
(45, 'Dina', 'ramadani', 'dina@gmail.com', '7110eda4d09e062aa5e4a390b0a572ac0d2c0220', '', '{\"facebook\":\"\",\"twitter\":\"\",\"linkedin\":\"\"}', NULL, NULL, 2, NULL, NULL, NULL, NULL, NULL, NULL, NULL, NULL, NULL, 1670730378, NULL, '[]', NULL, '{\"paypal\":{\"production_client_id\":\"\",\"production_secret_key\":\"\"},\"stripe\":{\"public_live_key\":\"\",\"secret_live_key\":\"\"},\"razorpay\":{\"key_id\":\"\",\"secret_key\":\"\"}}', '178948', 1, 0, NULL),
(46, '', '', 'ade@gmail.com', '8cb2237d0679ca88db6464eac60da96345513964', '', '{\"facebook\":null,\"twitter\":null,\"linkedin\":null}', NULL, 0, 2, '', '', '', '', '', '', '', '', '', 1670804420, 1670804551, '[]', NULL, '{\"paypal\":{\"production_client_id\":null,\"production_secret_key\":null},\"stripe\":{\"public_live_key\":null,\"secret_live_key\":null},\"razorpay\":{\"key_id\":null,\"secret_key\":null}}', '113837', 1, 0, NULL),
(47, 'Fitri ', 'Aryani', 'fitri@gmail.com', '7110eda4d09e062aa5e4a390b0a572ac0d2c0220', '', '{\"facebook\":\"\",\"twitter\":\"\",\"linkedin\":\"\"}', NULL, 2021, 2, 'Subang', 'Perempuan', 'Subang', 'S1', '08822345678', 'Arif', 'Belum Menikah', 'D', 'Website BLK', 1670978067, NULL, '[]', NULL, '{\"paypal\":{\"production_client_id\":\"\",\"production_secret_key\":\"\"},\"stripe\":{\"public_live_key\":\"\",\"secret_live_key\":\"\"},\"razorpay\":{\"key_id\":\"\",\"secret_key\":\"\"}}', '107958', 1, 0, NULL),
(48, 'saha ', 'cing', 'saha@gmail.com', '7110eda4d09e062aa5e4a390b0a572ac0d2c0220', '', '{\"facebook\":\"\",\"twitter\":\"\",\"linkedin\":\"\"}', NULL, 1990, 2, 'bandung', 'Laki-laki', 'bandung', 'SMA/MA', '08822345678', 'ahmad', 'Menikah', 'tidak', 'Website BLK', 1671031741, NULL, '[]', NULL, '{\"paypal\":{\"production_client_id\":\"\",\"production_secret_key\":\"\"},\"stripe\":{\"public_live_key\":\"\",\"secret_live_key\":\"\"},\"razorpay\":{\"key_id\":\"\",\"secret_key\":\"\"}}', '139029', 1, 0, NULL),
(49, 'Zen', 'Abdullah', 'zen.abdullah@gmail.com', '7110eda4d09e062aa5e4a390b0a572ac0d2c0220', '', '{\"facebook\":\"\",\"twitter\":\"\",\"linkedin\":\"\"}', NULL, 1987, 2, 'Subang', 'Laki-laki', 'Subang Regency', 'D3', '0867', 'Bapak', 'Belum Menikah', 'Tidak ada', 'Media Sosial', 1671090564, NULL, '[]', NULL, '{\"paypal\":{\"production_client_id\":\"\",\"production_secret_key\":\"\"},\"stripe\":{\"public_live_key\":\"\",\"secret_live_key\":\"\"},\"razorpay\":{\"key_id\":\"\",\"secret_key\":\"\"}}', '132490', 1, 0, NULL),
(50, 'HANI', 'MEYLANI', 'hanimeilani@gmail.com', '9733cfef4619975403b40f6a6de13f40900e2d63', '', '{\"facebook\":\"\",\"twitter\":\"\",\"linkedin\":\"\"}', NULL, 2006, 2, 'Subang', 'Perempuan', 'Kp. Cileuleuy ', 'SMA/MA', '089627653311', 'Wahidin', 'Belum Menikah', 'tiduran', 'Informasi dari (Kel/Kec/Disnaker/BLK Lain)', 1673838066, NULL, '[]', NULL, '{\"paypal\":{\"production_client_id\":\"\",\"production_secret_key\":\"\"},\"stripe\":{\"public_live_key\":\"\",\"secret_live_key\":\"\"},\"razorpay\":{\"key_id\":\"\",\"secret_key\":\"\"}}', '168976', 1, 0, NULL),
(51, 'Fiko ', 'Maharyuda ', 'bbfikk55@gmail.com', 'b857019c37c12d221e97e1635524a407a9c1967e', '', '{\"facebook\":\"\",\"twitter\":\"\",\"linkedin\":\"\"}', NULL, 2005, 2, 'Bogor', 'Laki-laki', 'kp.Cisaga ', 'SMP/MTs', '085797343461', 'Eni Mulyani', 'Belum Menikah', 'industri', 'Lain-lain', 1673838507, NULL, '[]', NULL, '{\"paypal\":{\"production_client_id\":\"\",\"production_secret_key\":\"\"},\"stripe\":{\"public_live_key\":\"\",\"secret_live_key\":\"\"},\"razorpay\":{\"key_id\":\"\",\"secret_key\":\"\"}}', '132163', 1, 0, NULL),
(52, 'HANI', 'MEYLANI', 'hanimeilani64@gmail.com', '9733cfef4619975403b40f6a6de13f40900e2d63', '', '{\"facebook\":\"\",\"twitter\":\"\",\"linkedin\":\"\"}', NULL, 2006, 2, 'SUBANG', 'Perempuan', 'KP. CILEULEUY', 'SMA/MA', '089627653311', 'WAHIDIN', 'Belum Menikah', 'REBAHAN', 'Lain-lain', 1673838782, NULL, '[]', NULL, '{\"paypal\":{\"production_client_id\":\"\",\"production_secret_key\":\"\"},\"stripe\":{\"public_live_key\":\"\",\"secret_live_key\":\"\"},\"razorpay\":{\"key_id\":\"\",\"secret_key\":\"\"}}', '144127', 1, 0, NULL),
(53, 'Nurita', 'Halizah', 'nuritahalizah@gmail.com', '864a8b1c9d42fc84b63a3d4d90a1a05711d8991b', '', '{\"facebook\":\"\",\"twitter\":\"\",\"linkedin\":\"\"}', NULL, 2005, 2, 'subang', 'Perempuan', 'k.p cidadap', 'SMA/MA', '0892790121', 'yanah', 'Belum Menikah', 'industri', 'Lain-lain', 1673839055, NULL, '[]', NULL, '{\"paypal\":{\"production_client_id\":\"\",\"production_secret_key\":\"\"},\"stripe\":{\"public_live_key\":\"\",\"secret_live_key\":\"\"},\"razorpay\":{\"key_id\":\"\",\"secret_key\":\"\"}}', '144685', 1, 0, NULL),
(54, 'Rifki', 'Maulana', 'rifkimaulanakel2@gmail.com', '0f5ff64b08a945d657ebe9720f98ca8d8189341e', '', '{\"facebook\":\"\",\"twitter\":\"\",\"linkedin\":\"\"}', NULL, 2005, 2, 'Subang', 'Laki-laki', 'Kp.Jabong Rt.29/07 Kec. Pagaden Kab. Subang', 'SMA/MA', '0895360613051', 'Imas', 'Belum Menikah', 'Tidak ada', 'Lain-lain', 1673840872, NULL, '[]', NULL, '{\"paypal\":{\"production_client_id\":\"\",\"production_secret_key\":\"\"},\"stripe\":{\"public_live_key\":\"\",\"secret_live_key\":\"\"},\"razorpay\":{\"key_id\":\"\",\"secret_key\":\"\"}}', '109152', 1, 0, NULL),
(55, 'karyono', '.', 'realmekaryono@gmail.com', '6e2b146cea976c22b4deeb1debe4cd6b5d018cae', '', '{\"facebook\":\"\",\"twitter\":\"\",\"linkedin\":\"\"}', NULL, 2005, 2, 'indramayu', 'Laki-laki', 'gantar,situraja,rt/rw 13/06', 'SMA/MA', '085872865153', 'tasli', 'Belum Menikah', 'sekolah', 'Lain-lain', 1673841329, NULL, '[]', NULL, '{\"paypal\":{\"production_client_id\":\"\",\"production_secret_key\":\"\"},\"stripe\":{\"public_live_key\":\"\",\"secret_live_key\":\"\"},\"razorpay\":{\"key_id\":\"\",\"secret_key\":\"\"}}', '100364', 1, 0, NULL),
(56, 'dodi', 'ahmad al fahridzy', 'dodiahmad942@gmail.com', '4d3e915c0a6b58b4434ffad513562d1c462af8eb', '', '{\"facebook\":\"\",\"twitter\":\"\",\"linkedin\":\"\"}', NULL, 2006, 2, 'indramayu', 'Laki-laki', 'indramayu,gantar,situraja,blok wadukan', 'SMA/MA', '083101810413', 'abing', 'Belum Menikah', 'sekolah', 'Lain-lain', 1673841611, NULL, '[]', NULL, '{\"paypal\":{\"production_client_id\":\"\",\"production_secret_key\":\"\"},\"stripe\":{\"public_live_key\":\"\",\"secret_live_key\":\"\"},\"razorpay\":{\"key_id\":\"\",\"secret_key\":\"\"}}', '118263', 1, 0, NULL),
(57, 'Dede ', 'casmita', 'dedeecasmita@gmail.com', 'ba44ae26b01111c7f02499421d82ed87e3142661', '', '{\"facebook\":\"\",\"twitter\":\"\",\"linkedin\":\"\"}', NULL, 2005, 2, 'Indramayu,tanjung garut', 'Laki-laki', 'Indramayu', 'SMA/MA', '081916997457', 'karta', 'Belum Menikah', 'pkl', 'Lain-lain', 1673842028, NULL, '[]', NULL, '{\"paypal\":{\"production_client_id\":\"\",\"production_secret_key\":\"\"},\"stripe\":{\"public_live_key\":\"\",\"secret_live_key\":\"\"},\"razorpay\":{\"key_id\":\"\",\"secret_key\":\"\"}}', '121003', 1, 0, NULL),
(58, 'Yohan', 'Pramana', 'yyohanpermana1234@gmail.com', '1334d3619640189f18356a96c042710f4656dd5b', '', '{\"facebook\":\"\",\"twitter\":\"\",\"linkedin\":\"\"}', NULL, 2006, 2, 'indramayu', 'Laki-laki', 'indramayu', 'SMA/MA', '08382355600', 'warsita', 'Belum Menikah', 'pkl', 'Lain-lain', 1673842519, 1673842753, '[]', NULL, '{\"paypal\":{\"production_client_id\":\"\",\"production_secret_key\":\"\"},\"stripe\":{\"public_live_key\":\"\",\"secret_live_key\":\"\"},\"razorpay\":{\"key_id\":\"\",\"secret_key\":\"\"}}', 'eXlvaGFucGVybWFuYTEyMzRAZ21haWwuY29tX1VoNiNAIzZoVV83ODY1OTcw', 1, 0, NULL),
(59, 'Hendra', '-', 'hendracrew5@gmail.com', 'b2028030aba28d96e1e0f947e1a3a76e1e89073e', '', '{\"facebook\":\"\",\"twitter\":\"\",\"linkedin\":\"\"}', NULL, 2005, 2, 'Indramayu', 'Laki-laki', 'Indramayu', 'SMA/MA', '082315108093', 'Wahid', 'Belum Menikah', 'pkl', 'Lain-lain', 1673843106, NULL, '[]', NULL, '{\"paypal\":{\"production_client_id\":\"\",\"production_secret_key\":\"\"},\"stripe\":{\"public_live_key\":\"\",\"secret_live_key\":\"\"},\"razorpay\":{\"key_id\":\"\",\"secret_key\":\"\"}}', '135329', 1, 0, NULL),
(60, 'Yohan', 'pramana', 'rudisusanto3095@gmail.com', 'ce1901783d16180108c7af8b6a32fe0a7180b6ae', '', '{\"facebook\":\"\",\"twitter\":\"\",\"linkedin\":\"\"}', NULL, 2006, 2, 'indramayu', 'Laki-laki', 'situraja', 'SMA/MA', '083823505600', 'warsita', 'Belum Menikah', 'pkl', 'Lain-lain', 1673843486, NULL, '[]', NULL, '{\"paypal\":{\"production_client_id\":\"\",\"production_secret_key\":\"\"},\"stripe\":{\"public_live_key\":\"\",\"secret_live_key\":\"\"},\"razorpay\":{\"key_id\":\"\",\"secret_key\":\"\"}}', '187021', 1, 0, NULL);

-- --------------------------------------------------------

--
-- Struktur dari tabel `watched_duration`
--

CREATE TABLE `watched_duration` (
  `watched_id` int(11) UNSIGNED NOT NULL,
  `watched_student_id` int(11) DEFAULT NULL,
  `watched_course_id` int(11) DEFAULT NULL,
  `watched_lesson_id` int(11) DEFAULT NULL,
  `watched_counter` longtext COLLATE utf8_unicode_ci DEFAULT NULL
) ENGINE=InnoDB DEFAULT CHARSET=utf8 COLLATE=utf8_unicode_ci;

-- --------------------------------------------------------

--
-- Struktur dari tabel `watch_histories`
--

CREATE TABLE `watch_histories` (
  `watch_history_id` int(11) NOT NULL,
  `course_id` int(11) NOT NULL,
  `student_id` int(11) NOT NULL,
  `completed_lesson` longtext COLLATE utf8_unicode_ci NOT NULL,
  `course_progress` int(11) NOT NULL,
  `watching_lesson_id` int(11) NOT NULL,
  `quiz_result` longtext COLLATE utf8_unicode_ci NOT NULL,
  `date_added` varchar(100) COLLATE utf8_unicode_ci DEFAULT NULL,
  `date_updated` varchar(100) COLLATE utf8_unicode_ci DEFAULT NULL
) ENGINE=InnoDB DEFAULT CHARSET=utf8 COLLATE=utf8_unicode_ci;

--
-- Dumping data untuk tabel `watch_histories`
--

INSERT INTO `watch_histories` (`watch_history_id`, `course_id`, `student_id`, `completed_lesson`, `course_progress`, `watching_lesson_id`, `quiz_result`, `date_added`, `date_updated`) VALUES
(1, 1, 1, '[\"1\"]', 100, 1, '{\"1\":0}', '1668127561', '1668127712'),
(2, 1, 4, '', 0, 2, '', '1668580472', NULL),
(3, 17, 41, '[\"5\"]', 33, 5, '{\"5\":1}', '1669963971', '1669965631'),
(4, 17, 4, '[\"5\"]', 33, 5, '', '1669965387', '1670192295'),
(5, 17, 42, '', 0, 5, '{\"5\":1}', '1669969749', '1669969872'),
(6, 19, 43, '', 0, 6, '{\"6\":1}', '1670501027', '1670862279'),
(7, 17, 33, '', 0, 4, '', '1670526825', '1670527043'),
(8, 17, 43, '', 0, 5, '{\"5\":0}', '1670730394', '1670886832'),
(9, 17, 1, '', 0, 5, '', '1670730825', NULL),
(10, 17, 46, '[]', 0, 5, '{\"5\":1}', '1670804473', '1670982583'),
(11, 17, 47, '', 0, 5, '{\"5\":1}', '1670978122', '1670978187'),
(12, 17, 48, '', 0, 5, '{\"5\":1}', '1671031778', '1673538900');

--
-- Indexes for dumped tables
--

--
-- Indeks untuk tabel `addons`
--
ALTER TABLE `addons`
  ADD PRIMARY KEY (`id`);

--
-- Indeks untuk tabel `applications`
--
ALTER TABLE `applications`
  ADD PRIMARY KEY (`id`);

--
-- Indeks untuk tabel `blogs`
--
ALTER TABLE `blogs`
  ADD PRIMARY KEY (`blog_id`);

--
-- Indeks untuk tabel `blog_category`
--
ALTER TABLE `blog_category`
  ADD PRIMARY KEY (`blog_category_id`);

--
-- Indeks untuk tabel `blog_comments`
--
ALTER TABLE `blog_comments`
  ADD PRIMARY KEY (`blog_comment_id`);

--
-- Indeks untuk tabel `category`
--
ALTER TABLE `category`
  ADD PRIMARY KEY (`id`);

--
-- Indeks untuk tabel `comment`
--
ALTER TABLE `comment`
  ADD PRIMARY KEY (`id`);

--
-- Indeks untuk tabel `coupons`
--
ALTER TABLE `coupons`
  ADD PRIMARY KEY (`id`),
  ADD UNIQUE KEY `id` (`id`);

--
-- Indeks untuk tabel `course`
--
ALTER TABLE `course`
  ADD PRIMARY KEY (`id`);

--
-- Indeks untuk tabel `currency`
--
ALTER TABLE `currency`
  ADD PRIMARY KEY (`id`);

--
-- Indeks untuk tabel `enrol`
--
ALTER TABLE `enrol`
  ADD PRIMARY KEY (`id`);

--
-- Indeks untuk tabel `frontend_settings`
--
ALTER TABLE `frontend_settings`
  ADD PRIMARY KEY (`id`);

--
-- Indeks untuk tabel `language`
--
ALTER TABLE `language`
  ADD PRIMARY KEY (`phrase_id`);

--
-- Indeks untuk tabel `lesson`
--
ALTER TABLE `lesson`
  ADD PRIMARY KEY (`id`);

--
-- Indeks untuk tabel `message`
--
ALTER TABLE `message`
  ADD PRIMARY KEY (`message_id`);

--
-- Indeks untuk tabel `message_thread`
--
ALTER TABLE `message_thread`
  ADD PRIMARY KEY (`message_thread_id`);

--
-- Indeks untuk tabel `payment`
--
ALTER TABLE `payment`
  ADD PRIMARY KEY (`id`);

--
-- Indeks untuk tabel `payout`
--
ALTER TABLE `payout`
  ADD PRIMARY KEY (`id`);

--
-- Indeks untuk tabel `permissions`
--
ALTER TABLE `permissions`
  ADD PRIMARY KEY (`id`),
  ADD UNIQUE KEY `id` (`id`);

--
-- Indeks untuk tabel `question`
--
ALTER TABLE `question`
  ADD PRIMARY KEY (`id`);

--
-- Indeks untuk tabel `rating`
--
ALTER TABLE `rating`
  ADD PRIMARY KEY (`id`);

--
-- Indeks untuk tabel `role`
--
ALTER TABLE `role`
  ADD PRIMARY KEY (`id`);

--
-- Indeks untuk tabel `section`
--
ALTER TABLE `section`
  ADD PRIMARY KEY (`id`);

--
-- Indeks untuk tabel `settings`
--
ALTER TABLE `settings`
  ADD PRIMARY KEY (`id`);

--
-- Indeks untuk tabel `tag`
--
ALTER TABLE `tag`
  ADD PRIMARY KEY (`id`);

--
-- Indeks untuk tabel `users`
--
ALTER TABLE `users`
  ADD PRIMARY KEY (`id`);

--
-- Indeks untuk tabel `watched_duration`
--
ALTER TABLE `watched_duration`
  ADD PRIMARY KEY (`watched_id`);

--
-- Indeks untuk tabel `watch_histories`
--
ALTER TABLE `watch_histories`
  ADD PRIMARY KEY (`watch_history_id`);

--
-- AUTO_INCREMENT untuk tabel yang dibuang
--

--
-- AUTO_INCREMENT untuk tabel `addons`
--
ALTER TABLE `addons`
  MODIFY `id` int(11) NOT NULL AUTO_INCREMENT;

--
-- AUTO_INCREMENT untuk tabel `applications`
--
ALTER TABLE `applications`
  MODIFY `id` int(11) UNSIGNED NOT NULL AUTO_INCREMENT;

--
-- AUTO_INCREMENT untuk tabel `blogs`
--
ALTER TABLE `blogs`
  MODIFY `blog_id` int(11) NOT NULL AUTO_INCREMENT, AUTO_INCREMENT=8;

--
-- AUTO_INCREMENT untuk tabel `blog_category`
--
ALTER TABLE `blog_category`
  MODIFY `blog_category_id` int(11) NOT NULL AUTO_INCREMENT, AUTO_INCREMENT=3;

--
-- AUTO_INCREMENT untuk tabel `blog_comments`
--
ALTER TABLE `blog_comments`
  MODIFY `blog_comment_id` int(11) NOT NULL AUTO_INCREMENT;

--
-- AUTO_INCREMENT untuk tabel `category`
--
ALTER TABLE `category`
  MODIFY `id` int(11) UNSIGNED NOT NULL AUTO_INCREMENT, AUTO_INCREMENT=70;

--
-- AUTO_INCREMENT untuk tabel `comment`
--
ALTER TABLE `comment`
  MODIFY `id` int(11) UNSIGNED NOT NULL AUTO_INCREMENT;

--
-- AUTO_INCREMENT untuk tabel `coupons`
--
ALTER TABLE `coupons`
  MODIFY `id` bigint(20) UNSIGNED NOT NULL AUTO_INCREMENT, AUTO_INCREMENT=2;

--
-- AUTO_INCREMENT untuk tabel `course`
--
ALTER TABLE `course`
  MODIFY `id` int(11) UNSIGNED NOT NULL AUTO_INCREMENT, AUTO_INCREMENT=39;

--
-- AUTO_INCREMENT untuk tabel `currency`
--
ALTER TABLE `currency`
  MODIFY `id` int(11) NOT NULL AUTO_INCREMENT, AUTO_INCREMENT=165;

--
-- AUTO_INCREMENT untuk tabel `enrol`
--
ALTER TABLE `enrol`
  MODIFY `id` int(11) UNSIGNED NOT NULL AUTO_INCREMENT, AUTO_INCREMENT=37;

--
-- AUTO_INCREMENT untuk tabel `frontend_settings`
--
ALTER TABLE `frontend_settings`
  MODIFY `id` int(11) UNSIGNED NOT NULL AUTO_INCREMENT, AUTO_INCREMENT=36;

--
-- AUTO_INCREMENT untuk tabel `language`
--
ALTER TABLE `language`
  MODIFY `phrase_id` int(11) NOT NULL AUTO_INCREMENT;

--
-- AUTO_INCREMENT untuk tabel `lesson`
--
ALTER TABLE `lesson`
  MODIFY `id` int(11) UNSIGNED NOT NULL AUTO_INCREMENT, AUTO_INCREMENT=8;

--
-- AUTO_INCREMENT untuk tabel `message`
--
ALTER TABLE `message`
  MODIFY `message_id` int(11) NOT NULL AUTO_INCREMENT, AUTO_INCREMENT=3;

--
-- AUTO_INCREMENT untuk tabel `message_thread`
--
ALTER TABLE `message_thread`
  MODIFY `message_thread_id` int(11) NOT NULL AUTO_INCREMENT, AUTO_INCREMENT=2;

--
-- AUTO_INCREMENT untuk tabel `payment`
--
ALTER TABLE `payment`
  MODIFY `id` int(11) UNSIGNED NOT NULL AUTO_INCREMENT;

--
-- AUTO_INCREMENT untuk tabel `payout`
--
ALTER TABLE `payout`
  MODIFY `id` int(11) UNSIGNED NOT NULL AUTO_INCREMENT;

--
-- AUTO_INCREMENT untuk tabel `permissions`
--
ALTER TABLE `permissions`
  MODIFY `id` bigint(20) UNSIGNED NOT NULL AUTO_INCREMENT, AUTO_INCREMENT=2;

--
-- AUTO_INCREMENT untuk tabel `question`
--
ALTER TABLE `question`
  MODIFY `id` int(11) UNSIGNED NOT NULL AUTO_INCREMENT, AUTO_INCREMENT=7;

--
-- AUTO_INCREMENT untuk tabel `rating`
--
ALTER TABLE `rating`
  MODIFY `id` int(11) UNSIGNED NOT NULL AUTO_INCREMENT, AUTO_INCREMENT=2;

--
-- AUTO_INCREMENT untuk tabel `role`
--
ALTER TABLE `role`
  MODIFY `id` int(11) UNSIGNED NOT NULL AUTO_INCREMENT, AUTO_INCREMENT=3;

--
-- AUTO_INCREMENT untuk tabel `section`
--
ALTER TABLE `section`
  MODIFY `id` int(11) NOT NULL AUTO_INCREMENT, AUTO_INCREMENT=360;

--
-- AUTO_INCREMENT untuk tabel `settings`
--
ALTER TABLE `settings`
  MODIFY `id` int(11) UNSIGNED NOT NULL AUTO_INCREMENT, AUTO_INCREMENT=42;

--
-- AUTO_INCREMENT untuk tabel `tag`
--
ALTER TABLE `tag`
  MODIFY `id` int(11) UNSIGNED NOT NULL AUTO_INCREMENT;

--
-- AUTO_INCREMENT untuk tabel `users`
--
ALTER TABLE `users`
  MODIFY `id` int(11) UNSIGNED NOT NULL AUTO_INCREMENT, AUTO_INCREMENT=61;

--
-- AUTO_INCREMENT untuk tabel `watched_duration`
--
ALTER TABLE `watched_duration`
  MODIFY `watched_id` int(11) UNSIGNED NOT NULL AUTO_INCREMENT;

--
-- AUTO_INCREMENT untuk tabel `watch_histories`
--
ALTER TABLE `watch_histories`
  MODIFY `watch_history_id` int(11) NOT NULL AUTO_INCREMENT, AUTO_INCREMENT=13;
COMMIT;

/*!40101 SET CHARACTER_SET_CLIENT=@OLD_CHARACTER_SET_CLIENT */;
/*!40101 SET CHARACTER_SET_RESULTS=@OLD_CHARACTER_SET_RESULTS */;
/*!40101 SET COLLATION_CONNECTION=@OLD_COLLATION_CONNECTION */;
